ds,yhat,sku_id
2025-12-01,3.8156155199999997,SKU0001
2026-01-01,4.599405219056604,SKU0001
2026-02-01,5.383194917744265,SKU0001
2026-03-01,6.091134000047739,SKU0001
2026-04-01,6.874923698048878,SKU0001
2026-05-01,7.633429857075496,SKU0001
2026-06-01,8.417219555044566,SKU0001
2026-07-01,9.175725714369475,SKU0001
2026-08-01,9.959515412338547,SKU0001
2026-09-01,10.743305110307618,SKU0001
2026-10-01,11.501811269632526,SKU0001
2026-01-01,11.098829720000001,SKU0002
2026-02-01,9.9349278040884,SKU0002
2026-03-01,8.883662018651604,SKU0002
2026-04-01,7.71976006933259,SKU0002
2026-05-01,6.593403018735053,SKU0002
2026-06-01,5.429500783801832,SKU0002
2026-07-01,4.303143782253554,SKU0002
2026-08-01,3.1392415473203323,SKU0002
2026-09-01,1.9753393123871112,SKU0002
2026-10-01,0.8489823108388316,SKU0002
2026-02-01,2.47925314,SKU0003
2026-03-01,4.431180215466666,SKU0003
2026-04-01,6.592242334973705,SKU0003
2026-05-01,8.683592768802864,SKU0003
2026-06-01,10.844654880720746,SKU0003
2026-07-01,12.936005311609021,SKU0003
2026-08-01,15.097067423526907,SKU0003
2026-09-01,17.25812953544479,SKU0003
2026-10-01,19.349479966333064,SKU0003
2026-01-01,9.743074400000001,SKU0004
2026-02-01,10.125387808839779,SKU0004
2026-03-01,10.470703146633367,SKU0004
2026-04-01,10.853016555212555,SKU0004
2026-05-01,11.222997272968358,SKU0004
2026-06-01,11.60531068015228,SKU0004
2026-07-01,11.975291396781882,SKU0004
2026-08-01,12.357604803965804,SKU0004
2026-09-01,12.739918211149728,SKU0004
2026-10-01,13.10989892777933,SKU0004
2025-12-01,4.85636955,SKU0005
2026-01-01,5.190542260613207,SKU0005
2026-02-01,5.5247149711056425,SKU0005
2026-03-01,5.82654838724955,SKU0005
2026-04-01,6.1607210980672225,SKU0005
2026-05-01,6.484114043725172,SKU0005
2026-06-01,6.818286754272572,SKU0005
2026-07-01,7.141679699963605,SKU0005
2026-08-01,7.475852410511005,SKU0005
2026-09-01,7.8100251210584055,SKU0005
2026-10-01,8.133418066749437,SKU0005
2025-12-01,3.23697495,SKU0006
2026-01-01,4.409463457075471,SKU0006
2026-02-01,5.581951963364201,SKU0006
2026-03-01,6.640973840450202,SKU0006
2026-04-01,7.81346234722676,SKU0006
2026-05-01,8.948128643865005,SKU0006
2026-06-01,10.120617149784643,SKU0006
2026-07-01,11.255283445835905,SKU0006
2026-08-01,12.427771951755542,SKU0006
2026-09-01,13.600260457675178,SKU0006
2026-10-01,14.73492675372644,SKU0006
2025-12-01,7.822014900000001,SKU0007
2026-01-01,7.362066940754717,SKU0007
2026-02-01,6.902118934493528,SKU0007
2026-03-01,6.4866820613807485,SKU0007
2026-04-01,6.026734139809827,SKU0007
2026-05-01,5.581623278249463,SKU0007
2026-06-01,5.121675351292847,SKU0007
2026-07-01,4.676564454238057,SKU0007
2026-08-01,4.21661652728144,SKU0007
2026-09-01,3.7566686003248235,SKU0007
2026-10-01,3.311557703270034,SKU0007
2025-12-01,2.55619224,SKU0008
2026-01-01,3.5329040401886784,SKU0008
2026-02-01,4.509615839692624,SKU0008
2026-03-01,5.391807141884542,SKU0008
2026-04-01,6.3685189404310005,SKU0008
2026-05-01,7.313723907045993,SKU0008
2026-06-01,8.290435705163937,SKU0008
2026-07-01,9.23564067108453,SKU0008
2026-08-01,10.212352469202473,SKU0008
2026-09-01,11.189064267320418,SKU0008
2026-10-01,12.134269233241008,SKU0008
2026-01-01,9.11837037,SKU0009
2026-02-01,9.076000625712707,SKU0009
2026-03-01,9.03773117723435,SKU0009
2026-04-01,8.995361428840944,SKU0009
2026-05-01,8.954358445089028,SKU0009
2026-06-01,8.911988693714948,SKU0009
2026-07-01,8.870985708514226,SKU0009
2026-08-01,8.828615957140146,SKU0009
2026-09-01,8.786246205766068,SKU0009
2026-10-01,8.745243220565346,SKU0009
2026-01-01,7.14528411,SKU0010
2026-02-01,8.615293804640883,SKU0010
2026-03-01,9.943044496217032,SKU0010
2026-04-01,11.413054189982502,SKU0010
2026-05-01,12.835644216426122,SKU0010
2026-06-01,14.305653910164601,SKU0010
2026-07-01,15.728243936363132,SKU0010
2026-08-01,17.198253630101608,SKU0010
2026-09-01,18.66826332384009,SKU0010
2026-10-01,20.090853350038618,SKU0010
2026-01-01,5.04572139,SKU0011
2026-02-01,5.274754894640884,SKU0011
2026-03-01,5.481623867082263,SKU0011
2026-04-01,5.710657372161558,SKU0011
2026-05-01,5.932302699901054,SKU0011
2026-06-01,6.161336205381785,SKU0011
2026-07-01,6.3829815332663635,SKU0011
2026-08-01,6.612015038747094,SKU0011
2026-09-01,6.841048544227825,SKU0011
2026-10-01,7.062693872112403,SKU0011
2026-01-01,8.11460052,SKU0012
2026-02-01,7.785638371491713,SKU0012
2026-03-01,7.488511275608531,SKU0012
2026-05-01,6.841198696459337,SKU0012
2026-06-01,6.51223656909877,SKU0012
2026-07-01,6.193886123265964,SKU0012
2026-08-01,5.8649239959053965,SKU0012
2026-09-01,5.535961868544829,SKU0012
2026-10-01,5.217611422712023,SKU0012
2026-01-01,8.9681529,SKU0013
2026-02-01,9.205596553922652,SKU0013
2026-03-01,9.42006179023609,SKU0013
2026-05-01,9.887289625716434,SKU0013
2026-06-01,10.12473327944821,SKU0013
2026-07-01,10.354517460478961,SKU0013
2026-08-01,10.591961114210736,SKU0013
2026-09-01,10.829404767942513,SKU0013
2026-10-01,11.059188948973265,SKU0013
2026-01-01,9.928006,SKU0014
2026-02-01,10.196245865403315,SKU0014
2026-03-01,10.438527036259867,SKU0014
2026-04-01,10.706766903039147,SKU0014
2026-05-01,10.966353870215992,SKU0014
2026-06-01,11.23459373520928,SKU0014
2026-07-01,11.494180701331823,SKU0014
2026-08-01,11.762420566325112,SKU0014
2026-09-01,12.030660431318404,SKU0014
2026-10-01,12.290247397440943,SKU0014
2025-12-01,15.403848879999998,SKU0015
2026-01-01,14.565892161509431,SKU0015
2026-03-01,12.971071352676049,SKU0015
2026-04-01,12.133114629329196,SKU0015
2026-05-01,11.322188774980727,SKU0015
2026-06-01,10.484232040628658,SKU0015
2026-07-01,9.673306168675044,SKU0015
2026-08-01,8.835349434322977,SKU0015
2026-09-01,7.997392699970908,SKU0015
2026-10-01,7.186466828017295,SKU0015
2026-01-01,9.78527,SKU0016
2026-02-01,10.31710610961326,SKU0016
2026-03-01,10.797474212062285,SKU0016
2026-05-01,11.843990426829066,SKU0016
2026-06-01,12.37582653619915,SKU0016
2026-07-01,12.890506642041167,SKU0016
2026-08-01,13.422342751411247,SKU0016
2026-09-01,13.954178860781331,SKU0016
2026-10-01,14.468858966623348,SKU0016
2026-01-01,6.49718256,SKU0017
2026-02-01,6.8651280785635365,SKU0017
2026-03-01,7.197465968427119,SKU0017
2026-04-01,7.565411489665886,SKU0017
2026-05-01,7.921487798884352,SKU0017
2026-06-01,8.289433320126827,SKU0017
2026-07-01,8.645509631006641,SKU0017
2026-08-01,9.013455152249117,SKU0017
2026-09-01,9.381400673491592,SKU0017
2026-10-01,9.737476984371405,SKU0017
2026-01-01,17.270037079999998,SKU0018
2026-02-01,14.869757101325966,SKU0018
2026-03-01,12.701762285470535,SKU0018
2026-04-01,10.301482306833767,SKU0018
2026-05-01,7.978630714929611,SKU0018
2026-06-01,5.57835073777914,SKU0018
2026-07-01,3.255499146988364,SKU0018
2026-08-01,0.8552191698378957,SKU0018
2026-09-01,-1.545060807312575,SKU0018
2026-10-01,-3.8679123981033534,SKU0018
2026-02-01,7.89535175,SKU0019
2026-03-01,8.284276860933332,SKU0019
2026-04-01,8.714872563455408,SKU0019
2026-05-01,9.131578070706261,SKU0019
2026-07-01,9.978879257397564,SKU0019
2026-08-01,10.409474942437406,SKU0019
2026-09-01,10.840070627477248,SKU0019
2026-10-01,11.256776129128708,SKU0019
2026-01-01,7.35191604,SKU0020
2026-02-01,6.983894693038673,SKU0020
2026-03-01,6.651488314857294,SKU0020
2026-04-01,6.283466968387379,SKU0020
2026-05-01,5.9273172783018735,SKU0020
2026-06-01,5.559295930663363,SKU0020
2026-07-01,5.203146239400287,SKU0020
2026-08-01,4.835124891761777,SKU0020
2026-09-01,4.467103544123266,SKU0020
2026-10-01,4.110953852860192,SKU0020
2025-12-01,6.67122428,SKU0021
2026-01-01,6.692491735537736,SKU0021
2026-02-01,6.7137591910130245,SKU0021
2026-03-01,6.732968505496471,SKU0021
2026-04-01,6.754235960299974,SKU0021
2026-05-01,6.774817367996736,SKU0021
2026-06-01,6.796084822416443,SKU0021
2026-07-01,6.816666229919386,SKU0021
2026-08-01,6.837933684339094,SKU0021
2026-09-01,6.859201138758801,SKU0021
2026-10-01,6.879782546261745,SKU0021
2026-01-01,10.146423,SKU0022
2026-02-01,9.475656989403975,SKU0022
2026-03-01,8.869803818141067,SKU0022
2026-04-01,8.199037807415033,SKU0022
2026-05-01,7.549909408479165,SKU0022
2026-06-01,6.879143396245433,SKU0022
2026-07-01,6.230014997309564,SKU0022
2026-08-01,5.559248985075832,SKU0022
2026-09-01,4.888482972842101,SKU0022
2026-01-01,8.002781820000001,SKU0023
2026-02-01,8.835110250165746,SKU0023
2026-03-01,9.586890769462642,SKU0023
2026-04-01,10.419219201779148,SKU0023
2026-05-01,11.224698327923626,SKU0023
2026-06-01,12.05702675992747,SKU0023
2026-07-01,12.86250588767313,SKU0023
2026-08-01,13.694834319676973,SKU0023
2026-09-01,14.527162751680818,SKU0023
2026-10-01,15.332641879426474,SKU0023
2025-12-01,5.970933209999999,SKU0024
2026-01-01,6.193275633018867,SKU0024
2026-02-01,6.415618053547971,SKU0024
2026-03-01,6.616443466250781,SKU0024
2026-04-01,6.838785887540896,SKU0024
2026-05-01,7.053955974184133,SKU0024
2026-06-01,7.276298395784827,SKU0024
2026-07-01,7.491468481204854,SKU0024
2026-08-01,7.713810902805548,SKU0024
2026-09-01,7.936153324406243,SKU0024
2026-10-01,8.15132340982627,SKU0024
2026-01-01,30.074874660000003,SKU0025
2026-02-01,24.696008827458567,SKU0025
2026-03-01,19.837678406696053,SKU0025
2026-04-01,14.458812629164045,SKU0025
2026-05-01,9.253458713540416,SKU0025
2026-06-01,3.874593055370741,SKU0025
2026-07-01,-1.3307608073741066,SKU0025
2026-08-01,-6.70962646554378,SKU0025
2026-09-01,-12.088492123713458,SKU0025
2026-10-01,-17.293845986458305,SKU0025
2025-12-01,8.53681616,SKU0026
2026-01-01,8.059704303296705,SKU0026
2026-02-01,7.582592446143368,SKU0026
2026-03-01,7.151652704522104,SKU0026
2026-04-01,6.674540847873522,SKU0026
2026-05-01,6.212819696237558,SKU0026
2026-06-01,5.735707839547063,SKU0026
2026-07-01,5.2739866879110995,SKU0026
2026-08-01,4.796874831220604,SKU0026
2026-09-01,4.319762974530108,SKU0026
2026-01-01,9.169114050000001,SKU0027
2026-02-01,9.304042733543048,SKU0027
2026-03-01,9.425913796329258,SKU0027
2026-04-01,9.560842493514281,SKU0027
2026-05-01,9.691418644698517,SKU0027
2026-06-01,9.826347334255564,SKU0027
2026-07-01,9.956923485439804,SKU0027
2026-08-01,10.091852174996848,SKU0027
2026-09-01,10.226780864553895,SKU0027
2026-01-01,10.89303516,SKU0028
2026-02-01,10.135900391491713,SKU0028
2026-03-01,9.452036711995163,SKU0028
2026-04-01,8.694901916001436,SKU0028
2026-05-01,7.9621908220372095,SKU0028
2026-06-01,7.205056013000347,SKU0028
2026-07-01,6.472344907480803,SKU0028
2026-08-01,5.715210098443942,SKU0028
2026-09-01,4.958075289407078,SKU0028
2026-10-01,4.2253641838875335,SKU0028
2026-01-01,8.07207536,SKU0029
2026-02-01,7.899200709303867,SKU0029
2026-03-01,7.7430558633353455,SKU0029
2026-04-01,7.5701812128615495,SKU0029
2026-05-01,7.40288316445419,SKU0029
2026-06-01,7.230008514729961,SKU0029
2026-07-01,7.062710466609739,SKU0029
2026-08-01,6.889835816885511,SKU0029
2026-09-01,6.716961167161282,SKU0029
2026-10-01,6.54966311904106,SKU0029
2025-12-01,7.06583352,SKU0030
2026-01-01,7.154932557792453,SKU0030
2026-02-01,7.244031595412125,SKU0030
2026-03-01,7.324508145575681,SKU0030
2026-04-01,7.413607183285882,SKU0030
2026-05-01,7.499832058578977,SKU0030
2026-06-01,7.588931096385256,SKU0030
2026-07-01,7.675155971681656,SKU0030
2026-08-01,7.764255009487936,SKU0030
2026-09-01,7.853354047294215,SKU0030
2026-10-01,7.939578922590614,SKU0030
2025-12-01,3.827967,SKU0031
2026-01-01,4.8592083002830195,SKU0031
2026-02-01,5.89044960107882,SKU0031
2026-03-01,6.8218933571247975,SKU0031
2026-04-01,7.853134657793151,SKU0031
2026-06-01,9.882351413207358,SKU0031
2026-07-01,10.880326866689757,SKU0031
2026-08-01,11.911568168621566,SKU0031
2026-09-01,12.942809470553374,SKU0031
2026-10-01,13.940784924035773,SKU0031
2026-01-01,8.56799889,SKU0032
2026-02-01,7.881893871712707,SKU0032
2026-03-01,7.262186113346011,SKU0032
2026-04-01,6.576081095030945,SKU0032
2026-05-01,5.912108496690434,SKU0032
2026-06-01,5.226003478384442,SKU0032
2026-07-01,4.562030880023806,SKU0032
2026-08-01,3.8759258617178154,SKU0032
2026-09-01,3.189820843411824,SKU0032
2026-10-01,2.525848245051187,SKU0032
2025-12-01,4.6029819,SKU0033
2026-01-01,5.578061939150943,SKU0033
2026-03-01,7.433859430267062,SKU0033
2026-04-01,8.408939469122311,SKU0033
2026-05-01,9.352565312573489,SKU0033
2026-06-01,10.327645349844246,SKU0033
2026-07-01,11.271271192364336,SKU0033
2026-08-01,12.246351229635092,SKU0033
2026-09-01,13.221431266905851,SKU0033
2026-10-01,14.16505710942594,SKU0033
2025-12-01,6.73971648,SKU0034
2026-01-01,7.0665470643396215,SKU0034
2026-02-01,7.393377649879572,SKU0034
2026-03-01,7.688579469000738,SKU0034
2026-04-01,8.015410054018167,SKU0034
2026-05-01,8.331697717034531,SKU0034
2026-06-01,8.658528303265268,SKU0034
2026-07-01,8.974815967359527,SKU0034
2026-08-01,9.301646553590261,SKU0034
2026-09-01,9.628477139820998,SKU0034
2026-10-01,9.944764803915257,SKU0034
2026-01-01,7.69046712,SKU0035
2026-02-01,8.28920041607735,SKU0035
2026-03-01,8.829991780203484,SKU0035
2026-04-01,9.428725076704675,SKU0035
2026-05-01,10.008144396144816,SKU0035
2026-06-01,10.606877692551807,SKU0035
2026-07-01,11.18629701165535,SKU0035
2026-08-01,11.785030308062343,SKU0035
2026-09-01,12.383763604469335,SKU0035
2026-10-01,12.963182923572877,SKU0035
2026-01-01,9.828489860000001,SKU0036
2026-02-01,9.604144445966853,SKU0036
2026-03-01,9.401509879932917,SKU0036
2026-04-01,9.177164468401518,SKU0036
2026-05-01,8.960056005994183,SKU0036
2026-06-01,8.73571059467544,SKU0036
2026-07-01,8.518602132108917,SKU0036
2026-08-01,8.294256720790173,SKU0036
2026-09-01,8.069911309471433,SKU0036
2026-10-01,7.852802846904908,SKU0036
2025-12-01,5.97390015,SKU0037
2026-01-01,6.4168262929245286,SKU0037
2026-02-01,6.859752435763023,SKU0037
2026-03-01,7.259814757850426,SKU0037
2026-04-01,7.702740900437941,SKU0037
2026-05-01,8.131379103644395,SKU0037
2026-06-01,8.574305247832148,SKU0037
2026-07-01,9.002943451884814,SKU0037
2026-08-01,9.445869596072566,SKU0037
2026-09-01,9.888795740260319,SKU0037
2026-10-01,10.317433944312983,SKU0037
2025-12-01,6.58427724,SKU0038
2026-01-01,7.102259006603774,SKU0038
2026-02-01,7.62024077273896,SKU0038
2026-03-01,8.088095271202768,SKU0038
2026-04-01,8.606077037424498,SKU0038
2026-05-01,9.1073497148336,SKU0038
2026-06-01,9.62533148203636,SKU0038
2026-07-01,10.126604159974516,SKU0038
2026-08-01,10.644585927177276,SKU0038
2026-09-01,11.16256769438004,SKU0038
2026-10-01,11.663840372318194,SKU0038
2025-12-01,9.23553774,SKU0039
2026-01-01,9.749901429339621,SKU0039
2026-02-01,10.264265142283769,SKU0039
2026-03-01,10.728851747930946,SKU0039
2026-04-01,11.243215461947267,SKU0039
2026-05-01,11.740986830156245,SKU0039
2026-06-01,12.255350552994733,SKU0039
2026-07-01,12.753121897677142,SKU0039
2026-08-01,13.26748562051563,SKU0039
2026-09-01,13.78184934335412,SKU0039
2026-10-01,14.279620688036525,SKU0039
2026-01-01,6.7508982,SKU0040
2026-02-01,7.327487029723757,SKU0040
2026-03-01,7.84827694005876,SKU0040
2026-04-01,8.42486576852443,SKU0040
2026-05-01,8.982854958440294,SKU0040
2026-06-01,9.559443789792981,SKU0040
2026-07-01,10.117432981424614,SKU0040
2026-08-01,10.694021812777299,SKU0040
2026-09-01,11.270610644129988,SKU0040
2026-10-01,11.828599835761619,SKU0040
2025-12-01,15.030360540000002,SKU0041
2026-01-01,15.603782330801886,SKU0041
2026-02-01,16.177204122286575,SKU0041
2026-03-01,16.695133483014114,SKU0041
2026-04-01,17.26855527627624,SKU0041
2026-05-01,17.823479592383205,SKU0041
2026-06-01,18.396901384233338,SKU0041
2026-07-01,18.951825698927014,SKU0041
2026-08-01,19.525247490777147,SKU0041
2026-09-01,20.09866928262728,SKU0041
2026-10-01,20.653593597320953,SKU0041
2026-01-01,14.650005420000001,SKU0042
2026-03-01,11.122990296464089,SKU0042
2026-04-01,9.269812861470754,SKU0042
2026-05-01,7.476415337049957,SKU0042
2026-06-01,5.623237891574558,SKU0042
2026-07-01,3.8298403636951424,SKU0042
2026-08-01,1.9766629182197457,SKU0042
2026-09-01,0.12348547274434729,SKU0042
2026-10-01,-1.6699120551350688,SKU0042
2025-12-01,5.070894839999999,SKU0043
2026-01-01,4.974748676320754,SKU0043
2026-02-01,4.878602512095963,SKU0043
2026-03-01,4.791760815466249,SKU0043
2026-04-01,4.695614651412499,SKU0043
2026-05-01,4.6025699762941334,SKU0043
2026-06-01,4.506423812481001,SKU0043
2026-07-01,4.4133791378231315,SKU0043
2026-08-01,4.31723297401,SKU0043
2026-09-01,4.2210868101968675,SKU0043
2026-10-01,4.1280421355389985,SKU0043
2025-12-01,7.0618336,SKU0044
2026-01-01,6.679361495849056,SKU0044
2026-02-01,6.296889391052371,SKU0044
2026-03-01,5.951430716207291,SKU0044
2026-04-01,5.568958612657996,SKU0044
2026-05-01,5.198824318599999,SKU0044
2026-06-01,4.816352215549947,SKU0044
2026-07-01,4.446217922275704,SKU0044
2026-08-01,4.063745819225652,SKU0044
2026-09-01,3.6812737161756,SKU0044
2026-10-01,3.311139422901357,SKU0044
2025-12-01,7.4694234999999995,SKU0045
2026-01-01,7.186200811603773,SKU0045
2026-02-01,6.9029781249673015,SKU0045
2026-03-01,6.64716408475082,SKU0045
2026-04-01,6.363941399920387,SKU0045
2026-05-01,6.089854930201894,SKU0045
2026-06-01,5.806632246682253,SKU0045
2026-07-01,5.53254577876002,SKU0045
2026-08-01,5.249323095240379,SKU0045
2026-09-01,4.9661004117207375,SKU0045
2026-10-01,4.6920139437985044,SKU0045
2026-01-01,8.06140225,SKU0046
2026-02-01,8.382441321055248,SKU0046
2026-03-01,8.672412092094591,SKU0046
2026-04-01,8.993451156721093,SKU0046
2026-05-01,9.304134122574826,SKU0046
2026-06-01,9.625173181946995,SKU0046
2026-07-01,9.935856142629738,SKU0046
2026-08-01,10.256895202001907,SKU0046
2026-09-01,10.577934261374075,SKU0046
2026-10-01,10.888617222056817,SKU0046
2025-12-01,4.7390868,SKU0047
2026-01-01,6.019252417924529,SKU0047
2026-02-01,7.299418036035917,SKU0047
2026-03-01,8.455696658876018,SKU0047
2026-04-01,9.735862277198562,SKU0047
2026-05-01,10.974732230350865,SKU0047
2026-06-01,12.25489784913833,SKU0047
2026-07-01,13.493767802803617,SKU0047
2026-08-01,14.77393342159108,SKU0047
2026-09-01,16.05409904037855,SKU0047
2026-10-01,17.292968994043832,SKU0047
2026-01-01,1.43817141,SKU0048
2026-02-01,3.525696918013245,SKU0048
2026-03-01,5.411203822651186,SKU0048
2026-04-01,7.4987293405859905,SKU0048
2026-05-01,9.518915329078462,SKU0048
2026-06-01,11.606440850520682,SKU0048
2026-07-01,13.626626839013152,SKU0048
2026-08-01,15.714152360455376,SKU0048
2026-09-01,17.801677881897596,SKU0048
2025-12-01,11.54769888,SKU0049
2026-01-01,11.277023187169812,SKU0049
2026-02-01,11.006347494013099,SKU0049
2026-03-01,10.761866219762831,SKU0049
2026-04-01,10.491190522556746,SKU0049
2026-05-01,10.229246296277273,SKU0049
2026-06-01,9.958570593394626,SKU0049
2026-07-01,9.696626364798515,SKU0049
2026-08-01,9.42595066191587,SKU0049
2026-09-01,9.155274959033221,SKU0049
2026-10-01,8.893330730437112,SKU0049
2026-01-01,12.54459903,SKU0050
2026-02-01,12.209216288232044,SKU0050
2026-03-01,11.906289941017278,SKU0050
2026-04-01,11.570907199414243,SKU0050
2026-05-01,11.246343255850485,SKU0050
2026-06-01,10.91096051420164,SKU0050
2026-07-01,10.586396570670502,SKU0050
2026-08-01,10.251013829021659,SKU0050
2026-09-01,9.915631087372812,SKU0050
2026-10-01,9.591067143841673,SKU0050
2025-12-01,11.0276802,SKU0051
2026-01-01,10.653662948113208,SKU0051
2026-02-01,10.279645215497776,SKU0051
2026-03-01,9.941822739273364,SKU0051
2026-04-01,9.567805005367218,SKU0051
2026-05-01,9.205852363871132,SKU0051
2026-06-01,8.831834635517943,SKU0051
2026-07-01,8.469881995176147,SKU0051
2026-08-01,8.095864266822959,SKU0051
2026-09-01,7.721846538469768,SKU0051
2026-10-01,7.3598938981279725,SKU0051
2025-12-01,20.27490398,SKU0052
2026-01-01,19.243241263962265,SKU0052
2026-02-01,18.211578545194218,SKU0052
2026-03-01,17.27975415272803,SKU0052
2026-04-01,16.248091434114844,SKU0052
2026-05-01,15.249708159781745,SKU0052
2026-06-01,14.218045439743099,SKU0052
2026-07-01,13.219662162286347,SKU0052
2026-08-01,12.187999442247705,SKU0052
2026-09-01,11.156336722209058,SKU0052
2026-10-01,10.157953444752307,SKU0052
2025-12-01,3.490091,SKU0053
2026-01-01,5.321671223584906,SKU0053
2026-02-01,7.153251447396944,SKU0053
2026-03-01,8.807581970851734,SKU0053
2026-04-01,10.639162193741253,SKU0053
2026-05-01,12.411659182748846,SKU0053
2026-06-01,14.243239402352462,SKU0053
2026-07-01,16.015736389065637,SKU0053
2026-08-01,17.84731660866925,SKU0053
2026-09-01,19.678896828272862,SKU0053
2026-10-01,21.451393814986037,SKU0053
2026-01-01,12.106896,SKU0054
2026-02-01,11.03822292243094,SKU0054
2026-03-01,10.072969820254544,SKU0054
2026-04-01,9.004296743897667,SKU0054
2026-05-01,7.9700969928669805,SKU0054
2026-06-01,6.90142391728952,SKU0054
2026-07-01,5.867224166730687,SKU0054
2026-08-01,4.798551091153228,SKU0054
2026-09-01,3.7298780155757676,SKU0054
2026-10-01,2.6956782650169338,SKU0054
2025-12-01,7.53063232,SKU0055
2026-01-01,7.674957564754717,SKU0055
2026-02-01,7.819282811094043,SKU0055
2026-03-01,7.949641098386407,SKU0055
2026-05-01,8.23363593973004,SKU0055
2026-06-01,8.377961185958151,SKU0055
2026-07-01,8.51763077908213,SKU0055
2026-08-01,8.661956025310243,SKU0055
2026-09-01,8.806281271538353,SKU0055
2026-10-01,8.945950864662333,SKU0055
2025-12-01,5.27283614,SKU0056
2026-01-01,5.630924185188679,SKU0056
2026-02-01,5.989012230463373,SKU0056
2026-03-01,6.312446594001041,SKU0056
2026-04-01,6.670534639207469,SKU0056
2026-05-01,7.017071456836752,SKU0056
2026-06-01,7.375159501559577,SKU0056
2026-07-01,7.721696319033278,SKU0056
2026-08-01,8.079784363756103,SKU0056
2026-09-01,8.437872408478928,SKU0056
2026-10-01,8.78440922595263,SKU0056
2026-01-01,16.3304688,SKU0057
2026-02-01,13.911402728839779,SKU0057
2026-03-01,11.72643982712312,SKU0057
2026-04-01,9.307373758513332,SKU0057
2026-05-01,6.96634207243865,SKU0057
2026-06-01,4.547275994503323,SKU0057
2026-07-01,2.2062443061788137,SKU0057
2026-08-01,-0.21282177175651285,SKU0057
2026-09-01,-2.6318878496918394,SKU0057
2026-10-01,-4.972919538016349,SKU0057
2026-01-01,4.5706815,SKU0058
2026-02-01,7.766843328729282,SKU0058
2026-03-01,10.653699215042264,SKU0058
2026-04-01,13.84986096868227,SKU0058
2026-05-01,16.942920697936128,SKU0058
2026-06-01,20.139082361469985,SKU0058
2026-07-01,23.232142035857585,SKU0058
2026-08-01,26.42830369939144,SKU0058
2026-09-01,29.624465362925292,SKU0058
2026-10-01,32.717525037312896,SKU0058
2026-01-01,12.5344882,SKU0059
2026-02-01,11.124650503867404,SKU0059
2026-03-01,9.85124871339457,SKU0059
2026-04-01,8.441411015376554,SKU0059
2026-05-01,7.077051954731962,SKU0059
2026-06-01,5.667214257350856,SKU0059
2026-07-01,4.30285519536914,SKU0059
2026-08-01,2.8930174979880343,SKU0059
2026-09-01,1.4831798006069263,SKU0059
2026-10-01,0.11882073862521159,SKU0059
2025-12-01,7.963148899999999,SKU0060
2026-01-01,8.339087151698113,SKU0060
2026-02-01,8.71502540332956,SKU0060
2026-03-01,9.054582533762687,SKU0060
2026-04-01,9.430520785544994,SKU0060
2026-05-01,9.794331996849923,SKU0060
2026-06-01,10.170270248908333,SKU0060
2026-07-01,10.53408146057776,SKU0060
2026-08-01,10.910019712636167,SKU0060
2026-09-01,11.285957964694576,SKU0060
2026-10-01,11.649769176364002,SKU0060
2026-01-01,27.587858920000002,SKU0061
2026-02-01,22.951911080397352,SKU0061
2026-03-01,18.76460332658942,SKU0061
2026-04-01,14.128655505066437,SKU0061
2026-05-01,9.642254362843287,SKU0061
2026-06-01,5.0063065158793645,SKU0061
2026-07-01,0.5199053736562147,SKU0061
2026-08-01,-4.116042473307712,SKU0061
2026-09-01,-8.751990320271632,SKU0061
2025-12-01,8.11934064,SKU0062
2026-01-01,8.668114548679245,SKU0062
2026-02-01,9.216888457415905,SKU0062
2026-03-01,9.712555215980638,SKU0062
2026-04-01,10.261329125766238,SKU0062
2026-05-01,10.792400648558829,SKU0062
2026-06-01,11.341174555208775,SKU0062
2026-07-01,11.87224607777324,SKU0062
2026-08-01,12.421019984423191,SKU0062
2026-09-01,12.969793891073142,SKU0062
2026-10-01,13.500865413637605,SKU0062
2026-01-01,9.358115,SKU0063
2026-02-01,9.177659150127074,SKU0063
2026-03-01,9.014666769435397,SKU0063
2026-04-01,8.834210919440649,SKU0063
2026-05-01,8.659576225864273,SKU0063
2026-06-01,8.479120376031611,SKU0063
2026-07-01,8.304485682645165,SKU0063
2026-08-01,8.124029832812504,SKU0063
2026-09-01,7.943573982979842,SKU0063
2026-10-01,7.768939289593395,SKU0063
2025-12-01,9.03394102,SKU0064
2026-01-01,9.24219874538679,SKU0064
2026-02-01,9.450456471337148,SKU0064
2026-03-01,9.638560224940763,SKU0064
2026-04-01,9.846817952951662,SKU0064
2026-05-01,10.048357690043414,SKU0064
2026-06-01,10.25661541667141,SKU0064
2026-07-01,10.458155152117858,SKU0064
2026-08-01,10.666412878745852,SKU0064
2026-09-01,10.874670605373847,SKU0064
2026-10-01,11.076210340820294,SKU0064
2025-12-01,4.14671424,SKU0065
2026-01-01,5.4529601169811315,SKU0065
2026-02-01,6.759205997101507,SKU0065
2026-03-01,7.9390409902518995,SKU0065
2026-04-01,9.245286870217512,SKU0065
2026-05-01,10.509395781206809,SKU0065
2026-06-01,11.815641655964107,SKU0065
2026-07-01,13.079750567019556,SKU0065
2026-08-01,14.385996441776854,SKU0065
2026-09-01,15.692242316534152,SKU0065
2026-10-01,16.9563512275896,SKU0065
2025-12-01,2.16880896,SKU0066
2026-01-01,3.6577889855188674,SKU0066
2026-02-01,5.146769010817622,SKU0066
2026-03-01,6.491654195776806,SKU0066
2026-04-01,7.980634220998194,SKU0066
2026-05-01,9.421582632229278,SKU0066
2026-06-01,10.910562656166249,SKU0066
2026-07-01,12.351511066427836,SKU0066
2026-08-01,13.840491090364807,SKU0066
2026-09-01,15.329471114301782,SKU0066
2026-10-01,16.770419524563366,SKU0066
2025-12-01,10.15704406,SKU0067
2026-01-01,9.927394475636792,SKU0067
2026-02-01,9.697744890521475,SKU0067
2026-03-01,9.490319458419748,SKU0067
2026-04-01,9.260669872592683,SKU0067
2026-05-01,9.038428338473622,SKU0067
2026-06-01,8.80877875279753,SKU0067
2026-07-01,8.586537218272278,SKU0067
2026-08-01,8.356887632596186,SKU0067
2026-09-01,8.127238046920093,SKU0067
2026-10-01,7.904996512394843,SKU0067
2025-12-01,6.36232592,SKU0068
2026-01-01,9.33600279754717,SKU0068
2026-02-01,12.30967967568955,SKU0068
2026-03-01,14.995581371122901,SKU0068
2026-04-01,17.969258249874006,SKU0068
2026-05-01,20.847010067464034,SKU0068
2026-06-01,23.820686945465443,SKU0068
2026-07-01,26.69843876288616,SKU0068
2026-08-01,29.672115640887565,SKU0068
2026-09-01,32.64579251888898,SKU0068
2026-10-01,35.52354433630969,SKU0068
2026-01-01,9.38515308,SKU0069
2026-02-01,12.088156769502762,SKU0069
2026-03-01,14.529579458815464,SKU0069
2026-04-01,17.23258314454384,SKU0069
2026-05-01,19.848393162193467,SKU0069
2026-06-01,22.551396843283662,SKU0069
2026-07-01,25.16720685724192,SKU0069
2026-08-01,27.870210538332113,SKU0069
2026-09-01,30.57321421942231,SKU0069
2026-10-01,33.189024233380565,SKU0069
2025-12-01,5.072210679,SKU0070
2026-01-01,7.4478274351320755,SKU0070
2026-02-01,9.823444197423086,SKU0070
2026-03-01,11.96916256490131,SKU0070
2026-04-01,14.344779327112393,SKU0070
2026-05-01,16.643763296444117,SKU0070
2026-06-01,19.01938006891794,SKU0070
2026-07-01,21.3183640422797,SKU0070
2026-08-01,23.69398081475352,SKU0070
2026-09-01,26.069597587227346,SKU0070
2026-10-01,28.368581560589103,SKU0070
2026-01-01,15.47344464,SKU0071
2026-02-01,13.788922013701658,SKU0071
2026-03-01,12.26741770682975,SKU0071
2026-04-01,10.582895081316355,SKU0071
2026-05-01,8.952711895825967,SKU0071
2026-06-01,7.268189269905896,SKU0071
2026-07-01,5.638006083531632,SKU0071
2026-08-01,3.9534834576115614,SKU0071
2026-09-01,2.268960831691489,SKU0071
2026-10-01,0.6387776453172247,SKU0071
2026-01-01,11.61574963,SKU0072
2026-02-01,10.05395766317881,SKU0072
2026-03-01,8.643306855788618,SKU0072
2026-04-01,7.081514888551325,SKU0072
2026-05-01,5.57010330906032,SKU0072
2026-06-01,4.008311343586281,SKU0072
2026-07-01,2.496899764095277,SKU0072
2026-08-01,0.9351077986212344,SKU0072
2026-09-01,-0.626684166852804,SKU0072
2026-01-01,4.83083743,SKU0073
2026-02-01,6.221483896187845,SKU0073
2026-03-01,7.477551672346247,SKU0073
2026-04-01,8.86819813761858,SKU0073
2026-05-01,10.213985040005447,SKU0073
2026-06-01,11.604631505070264,SKU0073
2026-07-01,12.95041840674589,SKU0073
2026-08-01,14.341064871810703,SKU0073
2026-09-01,15.731711336875518,SKU0073
2026-10-01,17.077498238551144,SKU0073
2026-01-01,4.24924388,SKU0074
2026-02-01,4.211135090508287,SKU0074
2026-03-01,4.1767142462887445,SKU0074
2026-04-01,4.138605451363207,SKU0074
2026-05-01,4.101725972728036,SKU0074
2026-06-01,4.0636171800802545,SKU0074
2026-07-01,4.026737703324336,SKU0074
2026-08-01,3.988628910676554,SKU0074
2026-09-01,3.950520118028772,SKU0074
2026-10-01,3.913640641272853,SKU0074
2025-12-01,5.72071401,SKU0075
2026-01-01,6.018459543301887,SKU0075
2026-02-01,6.316205077098019,SKU0075
2026-03-01,6.585136512509659,SKU0075
2026-04-01,6.882882039477203,SKU0075
2026-05-01,7.171022860817743,SKU0075
2026-06-01,7.468768390846488,SKU0075
2026-07-01,7.756909226358177,SKU0075
2026-08-01,8.054654756386922,SKU0075
2026-09-01,8.35240028641567,SKU0075
2026-10-01,8.640541121927358,SKU0075
2026-01-01,11.9266002,SKU0076
2026-02-01,11.850205995690606,SKU0076
2026-03-01,11.781204778719632,SKU0076
2026-04-01,11.704810574838325,SKU0076
2026-05-01,11.630880701284742,SKU0076
2026-06-01,11.554486497363555,SKU0076
2026-07-01,11.480556622601119,SKU0076
2026-08-01,11.404162418679935,SKU0076
2026-09-01,11.327768214758748,SKU0076
2026-10-01,11.253838339996312,SKU0076
2025-12-01,9.65264336,SKU0077
2026-01-01,9.67887222135849,SKU0077
2026-02-01,9.705101084306278,SKU0077
2026-03-01,9.728791670093326,SKU0077
2026-04-01,9.75502053412719,SKU0077
2026-05-01,9.780403304141592,SKU0077
2026-06-01,9.806632167738156,SKU0077
2026-07-01,9.832014938960638,SKU0077
2026-08-01,9.858243802557201,SKU0077
2026-09-01,9.884472666153766,SKU0077
2026-10-01,9.909855437376248,SKU0077
2026-01-01,8.16663913,SKU0078
2026-03-01,7.3786523573480665,SKU0078
2026-04-01,6.9645946348990995,SKU0078
2026-05-01,6.563994259713684,SKU0078
2026-06-01,6.150115780445287,SKU0078
2026-07-01,5.749588219862966,SKU0078
2026-08-01,5.335709740594568,SKU0078
2026-09-01,4.9218312613261705,SKU0078
2026-10-01,4.52130370074385,SKU0078
2026-01-01,6.7011366,SKU0079
2026-02-01,6.506357888121547,SKU0079
2026-03-01,6.330428727668145,SKU0079
2026-04-01,6.13565001204684,SKU0079
2026-05-01,5.947154477311226,SKU0079
2026-06-01,5.752375756982993,SKU0079
2026-07-01,5.563880221181476,SKU0079
2026-08-01,5.369101500853243,SKU0079
2026-09-01,5.174322780525009,SKU0079
2026-10-01,4.9858272447234935,SKU0079
2025-12-01,6.78090612,SKU0080
2026-01-01,7.000663172264151,SKU0080
2026-03-01,7.418910464060287,SKU0080
2026-04-01,7.638667515177608,SKU0080
2026-05-01,7.851335628994228,SKU0080
2026-06-01,8.071092680562845,SKU0080
2026-07-01,8.283760794984087,SKU0080
2026-08-01,8.503517846552704,SKU0080
2026-09-01,8.72327489812132,SKU0080
2026-10-01,8.935943012542563,SKU0080
2025-12-01,6.13214007,SKU0081
2026-01-01,7.352145439615384,SKU0081
2026-02-01,8.572150801140175,SKU0081
2026-03-01,9.674091126781397,SKU0081
2026-05-01,12.07474684096248,SKU0081
2026-06-01,13.294752203906963,SKU0081
2026-07-01,14.475402555143564,SKU0081
2026-08-01,15.695407918088046,SKU0081
2026-09-01,16.915413281032528,SKU0081
2026-01-01,9.72936795,SKU0082
2026-03-01,9.515722989696132,SKU0082
2026-04-01,9.403468859838934,SKU0082
2026-05-01,9.294835832537016,SKU0082
2026-07-01,9.073948688857676,SKU0082
2026-08-01,8.96169456665998,SKU0082
2026-09-01,8.849440444462283,SKU0082
2026-10-01,8.740807422980643,SKU0082
2026-01-01,9.0521558,SKU0083
2026-02-01,9.920775758940398,SKU0083
2026-03-01,10.705335716180313,SKU0083
2026-04-01,11.573955673207204,SKU0083
2026-05-01,12.414555642849635,SKU0083
2026-06-01,13.283175611480145,SKU0083
2026-07-01,14.123775581122576,SKU0083
2026-08-01,14.992395549753086,SKU0083
2026-09-01,15.861015518383596,SKU0083
2025-12-01,5.71252286,SKU0084
2026-02-01,6.01602652895283,SKU0084
2026-03-01,6.153092701894781,SKU0084
2026-04-01,6.304844535964408,SKU0084
2026-05-01,6.451701149522657,SKU0084
2026-06-01,6.603452983703047,SKU0084
2026-07-01,6.7503095974260034,SKU0084
2026-08-01,6.902061431606392,SKU0084
2026-09-01,7.053813265786782,SKU0084
2026-10-01,7.200669879509738,SKU0084
2025-12-01,24.5238026,SKU0085
2026-01-01,21.772628915566035,SKU0085
2026-02-01,19.02145522655094,SKU0085
2026-03-01,16.536524150511223,SKU0085
2026-04-01,13.785350463031394,SKU0085
2026-05-01,11.122924319467106,SKU0085
2026-06-01,8.371750631594292,SKU0085
2026-07-01,5.7093244820399605,SKU0085
2026-08-01,2.958150794167151,SKU0085
2026-09-01,0.2069771062943357,SKU0085
2026-10-01,-2.4554490432599962,SKU0085
2026-01-01,13.58762475,SKU0086
2026-02-01,11.569945166519334,SKU0086
2026-03-01,9.747524898530667,SKU0086
2026-04-01,7.729845314614345,SKU0086
2026-05-01,5.7772521665564955,SKU0086
2026-06-01,3.7595725840318575,SKU0086
2026-07-01,1.8069794396531766,SKU0086
2026-08-01,-0.21070014287145977,SKU0086
2026-09-01,-2.2283797253960986,SKU0086
2026-10-01,-4.180972869774779,SKU0086
2025-12-01,5.9200745,SKU0087
2026-01-01,8.68482975235849,SKU0087
2026-02-01,11.449585004605806,SKU0087
2026-03-01,13.946783295424458,SKU0087
2026-04-01,16.71153854814161,SKU0087
2026-05-01,19.387108140072833,SKU0087
2026-06-01,22.151863382946228,SKU0087
2026-07-01,24.827432972823704,SKU0087
2026-08-01,27.5921882156971,SKU0087
2026-09-01,30.356943458570495,SKU0087
2026-10-01,33.03251304844797,SKU0087
2025-12-01,4.6596492000000005,SKU0088
2026-01-01,4.9057289108490565,SKU0088
2026-02-01,5.151808624817685,SKU0088
2026-03-01,5.374074169488703,SKU0088
2026-04-01,5.620153877700506,SKU0088
2026-05-01,5.85829552910109,SKU0088
2026-06-01,6.104375234025866,SKU0088
2026-07-01,6.342516883953069,SKU0088
2026-08-01,6.588596588877844,SKU0088
2026-09-01,6.83467629380262,SKU0088
2026-10-01,7.072817943729822,SKU0088
2025-12-01,7.14095822,SKU0089
2026-01-01,7.000589168193397,SKU0089
2026-02-01,6.860220115039782,SKU0089
2026-03-01,6.733435167421344,SKU0089
2026-04-01,6.593066134964075,SKU0089
2026-05-01,6.45722515258668,SKU0089
2026-07-01,6.181015155085979,SKU0089
2026-08-01,6.040646139962671,SKU0089
2026-09-01,5.9002771248393655,SKU0089
2026-10-01,5.764436142461972,SKU0089
2026-01-01,11.85013782,SKU0090
2026-03-01,11.248735845082873,SKU0090
2026-04-01,10.932744978306845,SKU0090
2026-05-01,10.626947364960627,SKU0090
2026-06-01,10.310956497754882,SKU0090
2026-07-01,10.005158884329967,SKU0090
2026-08-01,9.689168017124222,SKU0090
2026-09-01,9.37317714991848,SKU0090
2026-10-01,9.067379536493565,SKU0090
2025-12-01,7.6888308599999995,SKU0091
2026-01-01,8.07181455481132,SKU0091
2026-02-01,8.454798249090905,SKU0091
2026-03-01,8.800719005559895,SKU0091
2026-04-01,9.18370270049072,SKU0091
2026-05-01,9.554332082930603,SKU0091
2026-06-01,9.937315778022,SKU0091
2026-07-01,10.307945160368515,SKU0091
2026-08-01,10.690928855459914,SKU0091
2026-09-01,11.073912550551311,SKU0091
2026-10-01,11.444541932897828,SKU0091
2026-01-01,14.873921800000002,SKU0092
2026-02-01,13.003701973480663,SKU0092
2026-03-01,11.314471158268491,SKU0092
2026-04-01,9.444251336236198,SKU0092
2026-05-01,7.634361193207049,SKU0092
2026-06-01,5.764141384635002,SKU0092
2026-07-01,3.9542512473072144,SKU0092
2026-08-01,2.08403143873517,SKU0092
2026-09-01,0.213811630163121,SKU0092
2026-10-01,-1.5960785071646666,SKU0092
2026-01-01,5.676335999999999,SKU0093
2026-02-01,5.24696092596685,SKU0093
2026-03-01,4.8591382797033615,SKU0093
2026-04-01,4.429763208127398,SKU0093
2026-05-01,4.014238944802102,SKU0093
2026-06-01,3.584863872103657,SKU0093
2026-07-01,3.169339608201937,SKU0093
2026-08-01,2.7399645355034927,SKU0093
2026-09-01,2.310589462805048,SKU0093
2026-10-01,1.8950651989033274,SKU0093
2025-12-01,8.42089284,SKU0094
2026-01-01,8.156781938207548,SKU0094
2026-02-01,7.892671037294666,SKU0094
2026-03-01,7.6541192536148275,SKU0094
2026-04-01,7.390008347710882,SKU0094
2026-05-01,7.134417144611531,SKU0094
2026-06-01,6.870306234450074,SKU0094
2026-07-01,6.61471503106802,SKU0094
2026-08-01,6.350604120906564,SKU0094
2026-09-01,6.086493210745106,SKU0094
2026-10-01,5.8309020073630515,SKU0094
2026-01-01,12.127405679999999,SKU0095
2026-02-01,10.660172564585636,SKU0095
2026-03-01,9.334929750898823,SKU0095
2026-04-01,7.867696634515173,SKU0095
2026-05-01,6.447793619313265,SKU0095
2026-06-01,4.9805605026304285,SKU0095
2026-07-01,3.5606574864857494,SKU0095
2026-08-01,2.093424369802915,SKU0095
2026-09-01,0.6261912531200792,SKU0095
2026-10-01,-0.7937117630246011,SKU0095
2026-01-01,7.815496319999999,SKU0096
2026-02-01,7.489361022099447,SKU0096
2026-03-01,7.194787214514862,SKU0096
2026-04-01,6.868651928014675,SKU0096
2026-05-01,6.553037133306032,SKU0096
2026-06-01,6.226901846434041,SKU0096
2026-07-01,5.911287052686954,SKU0096
2026-08-01,5.585151765814964,SKU0096
2026-09-01,5.259016478942975,SKU0096
2026-10-01,4.943401685195887,SKU0096
2025-12-01,8.121560859999999,SKU0097
2026-01-01,7.721546581132076,SKU0097
2026-02-01,7.3215323023349095,SKU0097
2026-03-01,6.9602290830206694,SKU0097
2026-04-01,6.5602148042821256,SKU0097
2026-05-01,6.173104211934488,SKU0097
2026-06-01,5.773089933326046,SKU0097
2026-07-01,5.385979341124328,SKU0097
2026-08-01,4.985965062515886,SKU0097
2026-09-01,4.585950783907444,SKU0097
2026-10-01,4.1988401917057265,SKU0097
2026-01-01,10.30105384,SKU0098
2026-02-01,9.69431643655629,SKU0098
2026-03-01,9.146295536992497,SKU0098
2026-04-01,8.539558141743331,SKU0098
2026-05-01,7.952392925979841,SKU0098
2026-06-01,7.3456555363575635,SKU0098
2026-07-01,6.758490320594071,SKU0098
2026-08-01,6.151752930971795,SKU0098
2026-09-01,5.545015541349519,SKU0098
2025-12-01,2.2329388,SKU0099
2026-01-01,2.67560235245283,SKU0099
2026-02-01,3.1182659065046257,SKU0099
2026-03-01,3.5180910514987946,SKU0099
2026-04-01,3.9607546060049335,SKU0099
2026-05-01,4.38913869015718,SKU0099
2026-06-01,4.831802243038557,SKU0099
2026-07-01,5.260186326472146,SKU0099
2026-08-01,5.702849879353522,SKU0099
2026-09-01,6.145513432234898,SKU0099
2026-10-01,6.573897515668486,SKU0099
2026-01-01,21.08552634,SKU0100
2026-02-01,17.970253681325968,SKU0100
2026-04-01,12.041186364506293,SKU0100
2026-05-01,9.026406373123644,SKU0100
2026-06-01,5.911133715590936,SKU0100
2026-07-01,2.896353724430251,SKU0100
2026-08-01,-0.21891893310245503,SKU0100
2026-09-01,-3.334191590635164,SKU0100
2026-10-01,-6.348971581795849,SKU0100
2025-12-01,9.3019778,SKU0101
2026-01-01,9.359715411132076,SKU0101
2026-02-01,9.417453022188598,SKU0101
2026-03-01,9.469603122947522,SKU0101
2026-04-01,9.527340734226012,SKU0101
2026-05-01,9.583215842756472,SKU0101
2026-06-01,9.640953454631521,SKU0101
2026-07-01,9.696828562897696,SKU0101
2026-08-01,9.754566174772746,SKU0101
2026-09-01,9.812303786647794,SKU0101
2026-10-01,9.86817889491397,SKU0101
2026-01-01,6.96529184,SKU0102
2026-02-01,7.399955630497238,SKU0102
2026-03-01,7.792555183514128,SKU0102
2026-04-01,8.227218975348597,SKU0102
2026-06-01,9.082525151719135,SKU0102
2026-07-01,9.503167533540712,SKU0102
2026-08-01,9.937831328089674,SKU0102
2026-09-01,10.372495122638636,SKU0102
2026-10-01,10.793137504460212,SKU0102
2026-01-01,8.692550879999999,SKU0103
2026-02-01,8.304145351160223,SKU0103
2026-03-01,7.953327431352679,SKU0103
2026-04-01,7.564921872433303,SKU0103
2026-05-01,7.189045504890046,SKU0103
2026-06-01,6.800639917508324,SKU0103
2026-07-01,6.424763542622785,SKU0103
2026-08-01,6.036357955241063,SKU0103
2026-09-01,5.6479523678593395,SKU0103
2026-10-01,5.272075992973802,SKU0103
2025-12-01,24.87640489,SKU0104
2026-01-01,22.795695507499996,SKU0104
2026-02-01,20.714986127524213,SKU0104
2026-03-01,18.835635722197058,SKU0104
2026-04-01,16.7549263427869,SKU0104
2026-05-01,14.741336621648765,SKU0104
2026-06-01,12.660627243115432,SKU0104
2026-07-01,10.64703752195414,SKU0104
2026-08-01,8.566328143420805,SKU0104
2026-09-01,6.485618764887469,SKU0104
2026-10-01,4.4720290437261765,SKU0104
2025-12-01,8.7097384,SKU0105
2026-01-01,8.503505157981133,SKU0105
2026-02-01,8.297271906010451,SKU0105
2026-03-01,8.110996717037667,SKU0105
2026-04-01,7.904763526367385,SKU0105
2026-05-01,7.705182940185972,SKU0105
2026-06-01,7.498949709360287,SKU0105
2026-07-01,7.2993691633999465,SKU0105
2026-08-01,7.093135932574262,SKU0105
2026-09-01,6.886902701748576,SKU0105
2026-10-01,6.6873221557882365,SKU0105
2026-01-01,11.572836859999999,SKU0106
2026-02-01,10.150960615303866,SKU0106
2026-03-01,8.866685294405169,SKU0106
2026-04-01,7.444809041018461,SKU0106
2026-05-01,6.068799758991528,SKU0106
2026-06-01,4.646923493535945,SKU0106
2026-07-01,3.27091420438538,SKU0106
2026-08-01,1.849037938929798,SKU0106
2026-09-01,0.4271616734742142,SKU0106
2026-10-01,-0.9488476156763505,SKU0106
2026-01-01,7.44155805,SKU0107
2026-02-01,9.268533934972377,SKU0107
2026-03-01,10.918705701111753,SKU0107
2026-04-01,12.7456815873204,SKU0107
2026-05-01,14.51372276997497,SKU0107
2026-07-01,18.108739841372607,SKU0107
2026-08-01,19.935715730115668,SKU0107
2026-09-01,21.762691618858728,SKU0107
2026-10-01,23.530732801513302,SKU0107
2025-12-01,10.838284,SKU0108
2026-01-01,10.27197154009434,SKU0108
2026-02-01,9.705659083413472,SKU0108
2026-03-01,9.194151054439574,SKU0108
2026-04-01,8.627838591200092,SKU0108
2026-05-01,8.079794272637434,SKU0108
2026-06-01,7.513481807197254,SKU0108
2026-07-01,6.965437485803527,SKU0108
2026-08-01,6.399125020363347,SKU0108
2026-09-01,5.832812554923164,SKU0108
2026-10-01,5.28476823352944,SKU0108
2025-12-01,5.2742755500000005,SKU0109
2026-01-01,5.811382946462264,SKU0109
2026-02-01,6.348490350373872,SKU0109
2026-03-01,6.833619626875759,SKU0109
2026-04-01,7.370727038519982,SKU0109
2026-05-01,7.890508398858786,SKU0109
2026-06-01,8.427615794799387,SKU0109
2026-07-01,8.947397145709648,SKU0109
2026-08-01,9.484504541650251,SKU0109
2026-09-01,10.021611937590851,SKU0109
2026-10-01,10.54139328850111,SKU0109
2026-01-01,16.44057972,SKU0110
2026-02-01,14.615046696629834,SKU0110
2026-03-01,12.966178170606735,SKU0110
2026-04-01,11.140645167368074,SKU0110
2026-05-01,9.374000317200009,SKU0110
2026-06-01,7.548467309233135,SKU0110
2026-07-01,5.7818224628135795,SKU0110
2026-08-01,3.956289454846707,SKU0110
2026-09-01,2.1307564468798312,SKU0110
2026-10-01,0.3641116004602756,SKU0110
2025-12-01,6.704594640000001,SKU0111
2026-01-01,7.242076397472528,SKU0111
2026-02-01,7.779558155416424,SKU0111
2026-03-01,8.2650255497454,SKU0111
2026-04-01,8.802507308337516,SKU0111
2026-05-01,9.322650944715889,SKU0111
2026-06-01,9.860132702306876,SKU0111
2026-07-01,10.38027633868525,SKU0111
2026-08-01,10.917758096276234,SKU0111
2026-09-01,11.455239853867221,SKU0111
2026-01-01,9.70247355,SKU0112
2026-02-01,8.724341605524863,SKU0112
2026-03-01,7.840867596469563,SKU0112
2026-04-01,6.862735655438455,SKU0112
2026-05-01,5.916156352857069,SKU0112
2026-06-01,4.938024404524191,SKU0112
2026-07-01,3.991445099685922,SKU0112
2026-08-01,3.013313151353045,SKU0112
2026-09-01,2.035181203020166,SKU0112
2026-10-01,1.0886018981818975,SKU0112
2026-01-01,8.15708676,SKU0113
2026-02-01,8.150204131916022,SKU0113
2026-03-01,8.143987564018545,SKU0113
2026-04-01,8.137104934895028,SKU0113
2026-05-01,8.130444327173887,SKU0113
2026-06-01,8.123561698375022,SKU0113
2026-07-01,8.11690108985999,SKU0113
2026-08-01,8.110018461061125,SKU0113
2026-09-01,8.10313583226226,SKU0113
2026-10-01,8.09647522374723,SKU0113
2025-12-01,6.72649743,SKU0114
2026-01-01,7.354516473443396,SKU0114
2026-02-01,7.9825355176975545,SKU0114
2026-03-01,8.549778525566827,SKU0114
2026-04-01,9.177797570357999,SKU0114
2026-05-01,9.785557936234534,SKU0114
2026-06-01,10.41357697990498,SKU0114
2026-07-01,11.021337344747344,SKU0114
2026-08-01,11.649356388417788,SKU0114
2026-09-01,12.277375432088231,SKU0114
2026-10-01,12.885135796930598,SKU0114
2026-01-01,13.0279182,SKU0115
2026-02-01,11.28672492928177,SKU0115
2026-04-01,7.972840963403316,SKU0115
2026-05-01,6.2878152180678235,SKU0115
2026-06-01,4.54662194779205,SKU0115
2026-07-01,2.8615962023638812,SKU0115
2026-08-01,1.1204029320881081,SKU0115
2026-09-01,-0.620790338187665,SKU0115
2026-10-01,-2.3058160836158352,SKU0115
2025-12-01,5.672821549999999,SKU0116
2026-01-01,5.952177821886793,SKU0116
2026-02-01,6.231534093850225,SKU0116
2026-03-01,6.48385588780384,SKU0116
2026-04-01,6.763212159587637,SKU0116
2026-05-01,7.033556938684648,SKU0116
2026-06-01,7.312913210446535,SKU0116
2026-07-01,7.58325798957094,SKU0116
2026-08-01,7.862614261332828,SKU0116
2026-09-01,8.141970533094714,SKU0116
2026-10-01,8.41231531221912,SKU0116
2026-01-01,23.3553255,SKU0117
2026-02-01,19.99284082707182,SKU0117
2026-03-01,16.95575789500593,SKU0117
2026-06-01,6.976771108513869,SKU0117
2026-07-01,3.7227536757373625,SKU0117
2026-08-01,0.36026899520164024,SKU0117
2026-09-01,-3.002215685334085,SKU0117
2026-10-01,-6.256233118110592,SKU0117
2025-12-01,11.753924099999999,SKU0118
2026-01-01,10.877698410849057,SKU0118
2026-02-01,10.001472708000364,SKU0118
2026-03-01,9.21004305513542,SKU0118
2026-04-01,8.333817350737167,SKU0118
2026-05-01,7.485857009392333,SKU0118
2026-06-01,6.609631299487145,SKU0118
2026-07-01,5.761670935062768,SKU0118
2026-08-01,4.8854452251575795,SKU0118
2026-09-01,4.00921951525239,SKU0118
2026-10-01,3.1612591508280152,SKU0118
2026-01-01,8.1418618,SKU0119
2026-02-01,7.69955614640884,SKU0119
2026-03-01,7.3000542656321254,SKU0119
2026-04-01,6.857748611887876,SKU0119
2026-05-01,6.429710882105953,SKU0119
2026-06-01,5.987405228850525,SKU0119
2026-07-01,5.5593674998936615,SKU0119
2026-08-01,5.117061846638235,SKU0119
2026-09-01,4.674756193382808,SKU0119
2026-10-01,4.2467184644259435,SKU0119
2026-01-01,24.799084699999998,SKU0120
2026-02-01,22.26676707044199,SKU0120
2026-03-01,19.97951243956825,SKU0120
2026-04-01,17.447194813553935,SKU0120
2026-05-01,14.996564846510568,SKU0120
2026-06-01,12.464247218192545,SKU0120
2026-07-01,10.013617255304137,SKU0120
2026-08-01,7.481299626986117,SKU0120
2026-09-01,4.948981998668093,SKU0120
2026-10-01,2.4983520357796842,SKU0120
2026-01-01,5.74599536,SKU0121
2026-02-01,5.83193257759116,SKU0121
2026-03-01,5.90955329021049,SKU0121
2026-04-01,5.995490506936475,SKU0121
2026-05-01,6.0786555550910535,SKU0121
2026-06-01,6.164592771115131,SKU0121
2026-07-01,6.247757818880368,SKU0121
2026-08-01,6.333695034904444,SKU0121
2026-09-01,6.419632250928522,SKU0121
2026-10-01,6.502797298693759,SKU0121
2025-12-01,5.308112,SKU0122
2026-01-01,5.584886480754717,SKU0122
2026-02-01,5.8616609609428885,SKU0122
2026-03-01,6.111650814170877,SKU0122
2026-04-01,6.3884252944357245,SKU0122
2026-05-01,6.6562715651698205,SKU0122
2026-06-01,6.933046044182243,SKU0122
2026-07-01,7.200892314194263,SKU0122
2026-08-01,7.477666793206684,SKU0122
2026-09-01,7.754441272219106,SKU0122
2026-10-01,8.022287542231126,SKU0122
2025-12-01,-1.1409763560000001,SKU0123
2026-01-01,3.3539242919245287,SKU0123
2026-02-01,7.8488249817855875,SKU0123
2026-03-01,11.908735263656933,SKU0123
2026-04-01,16.40363589992271,SKU0123
2026-05-01,20.753539756796222,SKU0123
2026-06-01,25.248440404531962,SKU0123
2026-07-01,29.59834425717945,SKU0123
2026-08-01,34.09324490491518,SKU0123
2026-09-01,38.58814555265092,SKU0123
2026-10-01,42.93804940529841,SKU0123
2025-12-01,7.126987349999999,SKU0124
2026-01-01,8.148944979386792,SKU0124
2026-02-01,9.170902609374545,SKU0124
2026-03-01,10.093961115443062,SKU0124
2026-04-01,11.115918749024798,SKU0124
2026-05-01,12.104910005743925,SKU0124
2026-06-01,13.126867639237307,SKU0124
2026-07-01,14.11585889745671,SKU0124
2026-08-01,15.13781653095009,SKU0124
2026-09-01,16.159774164443473,SKU0124
2026-10-01,17.148765422662876,SKU0124
2025-12-01,5.15032452,SKU0125
2026-01-01,5.68977196754717,SKU0125
2026-02-01,6.229219415153585,SKU0125
2026-03-01,6.716462271201786,SKU0125
2026-04-01,7.255909718865766,SKU0125
2026-05-01,7.777955635443649,SKU0125
2026-06-01,8.317403082785923,SKU0125
2026-07-01,8.839448999568766,SKU0125
2026-08-01,9.378896446911037,SKU0125
2026-09-01,9.918343894253308,SKU0125
2026-10-01,10.440389811036152,SKU0125
2026-01-01,6.038414700000001,SKU0126
2026-02-01,6.917931850794702,SKU0126
2026-03-01,7.712334444545265,SKU0126
2026-04-01,8.591851592307675,SKU0126
2026-05-01,9.442997216765427,SKU0126
2026-06-01,10.322514362038435,SKU0126
2026-07-01,11.173659986496185,SKU0126
2026-08-01,12.053177131769196,SKU0126
2026-09-01,12.932694277042204,SKU0126
2025-12-01,6.36676334,SKU0127
2026-01-01,6.879501155377358,SKU0127
2026-02-01,7.392238971081165,SKU0127
2026-03-01,7.855356998288536,SKU0127
2026-04-01,8.368094814299472,SKU0127
2026-05-01,8.864292700921094,SKU0127
2026-06-01,9.377030517346459,SKU0127
2026-07-01,9.873228404209717,SKU0127
2026-08-01,10.385966220635083,SKU0127
2026-09-01,10.89870403706045,SKU0127
2026-10-01,11.394901923923705,SKU0127
2025-12-01,9.93541248,SKU0128
2026-01-01,9.631457646923076,SKU0128
2026-03-01,9.052962965098342,SKU0128
2026-04-01,8.749008132717968,SKU0128
2026-05-01,8.454858294292404,SKU0128
2026-06-01,8.150903461252653,SKU0128
2026-07-01,7.856753622827088,SKU0128
2026-08-01,7.552798789787337,SKU0128
2026-09-01,7.248843956747588,SKU0128
2025-12-01,7.14245264,SKU0129
2026-01-01,8.120130017075473,SKU0129
2026-02-01,9.097807394116,SKU0129
2026-04-01,10.958548206552717,SKU0129
2026-05-01,11.904687602869735,SKU0129
2026-06-01,12.88236497828758,SKU0129
2026-07-01,13.828504373853239,SKU0129
2026-08-01,14.806181749271085,SKU0129
2026-09-01,15.78385912468893,SKU0129
2026-10-01,16.72999852025459,SKU0129
2026-01-01,6.4512392400000005,SKU0130
2026-02-01,7.757848494696132,SKU0130
2026-03-01,8.938011698964274,SKU0130
2026-04-01,10.244620967456878,SKU0130
2026-05-01,11.509081557558936,SKU0130
2026-07-01,14.080151424099785,SKU0130
2026-08-01,15.386760700538577,SKU0130
2026-09-01,16.693369976977372,SKU0130
2026-10-01,17.95783056707943,SKU0130
2026-01-01,4.70724826,SKU0131
2026-02-01,9.37888715917127,SKU0131
2026-03-01,13.598431942920893,SKU0131
2026-04-01,18.270070771503725,SKU0131
2026-05-01,22.791011598279656,SKU0131
2026-06-01,27.462650500150442,SKU0131
2026-07-01,31.983591372928622,SKU0131
2026-08-01,36.6552302747994,SKU0131
2026-09-01,41.32686917667019,SKU0131
2026-10-01,45.84781004944838,SKU0131
2026-01-01,7.78120224,SKU0132
2026-02-01,8.149589784309393,SKU0132
2026-03-01,8.482326925684001,SKU0132
2026-04-01,8.850714468048109,SKU0132
2026-05-01,9.207218534107401,SKU0132
2026-06-01,9.575606066137844,SKU0132
2026-07-01,9.93211012939311,SKU0132
2026-08-01,10.300497661423552,SKU0132
2026-09-01,10.668885193453995,SKU0132
2026-10-01,11.025389256709262,SKU0132
2025-12-01,5.59160224,SKU0133
2026-01-01,6.307782263867924,SKU0133
2026-02-01,7.023962287618399,SKU0133
2026-03-01,7.670834565559577,SKU0133
2026-05-01,9.08009202764637,SKU0133
2026-06-01,9.796272049379757,SKU0133
2026-07-01,10.489349489766903,SKU0133
2026-08-01,11.205529511500288,SKU0133
2026-09-01,11.921709533233674,SKU0133
2026-10-01,12.61478697362082,SKU0133
2026-01-01,7.29671553,SKU0134
2026-02-01,6.90090924013245,SKU0134
2026-03-01,6.543406785175226,SKU0134
2026-04-01,6.147600495192075,SKU0134
2026-05-01,5.76456215025418,SKU0134
2026-06-01,5.368755860485022,SKU0134
2026-07-01,4.985717515547128,SKU0134
2026-08-01,4.589911225777969,SKU0134
2026-09-01,4.194104936008811,SKU0134
2025-12-01,2.04694462,SKU0135
2026-01-01,3.529972243396226,SKU0135
2026-02-01,5.012999867027151,SKU0135
2026-03-01,6.3525086889267754,SKU0135
2026-04-01,7.835536313810704,SKU0135
2026-05-01,9.270724339156216,SKU0135
2026-06-01,10.753751964932821,SKU0135
2026-07-01,12.188939989877923,SKU0135
2026-08-01,13.671967615654529,SKU0135
2026-09-01,15.154995241431138,SKU0135
2026-10-01,16.590183266376236,SKU0135
2026-01-01,7.6165389,SKU0136
2026-02-01,7.692379983812154,SKU0136
2026-03-01,7.760881608817014,SKU0136
2026-04-01,7.836722693373405,SKU0136
2026-05-01,7.910117292809445,SKU0136
2026-06-01,7.985958380522695,SKU0136
2026-07-01,8.059352981535518,SKU0136
2026-08-01,8.135194069248769,SKU0136
2026-09-01,8.21103515696202,SKU0136
2026-10-01,8.284429757974843,SKU0136
2026-01-01,2.97046992,SKU0137
2026-02-01,3.6666793882872932,SKU0137
2026-03-01,4.2955137458475825,SKU0137
2026-04-01,4.991723213455698,SKU0137
2026-05-01,5.6654743117072295,SKU0137
2026-06-01,6.361683780570239,SKU0137
2026-07-01,7.035434879469927,SKU0137
2026-08-01,7.731644348332936,SKU0137
2026-09-01,8.427853817195945,SKU0137
2026-10-01,9.101604916095635,SKU0137
2026-01-01,31.513207440000002,SKU0138
2026-02-01,25.248910430773478,SKU0138
2026-03-01,19.59083570719598,SKU0138
2026-04-01,13.326538808292419,SKU0138
2026-05-01,7.26431598475379,SKU0138
2026-06-01,1.0000189676141038,SKU0138
2026-07-01,-5.0622039521985025,SKU0138
2026-08-01,-11.326500969338186,SKU0138
2026-09-01,-17.59079798647788,SKU0138
2026-10-01,-23.653020906290482,SKU0138
2026-01-01,10.237732920000001,SKU0139
2026-02-01,9.95887762080663,SKU0139
2026-03-01,9.707008319064974,SKU0139
2026-04-01,9.428153024148896,SKU0139
2026-05-01,9.158293063320247,SKU0139
2026-06-01,8.87943777369727,SKU0139
2026-07-01,8.60957781599761,SKU0139
2026-08-01,8.33072252637463,SKU0139
2026-09-01,8.05186723675165,SKU0139
2026-10-01,7.782007279051993,SKU0139
2025-12-01,14.127048,SKU0140
2026-01-01,14.790194308867925,SKU0140
2026-02-01,15.453340625400449,SKU0140
2026-03-01,16.052311486233563,SKU0140
2026-04-01,16.715457804538158,SKU0140
2026-05-01,17.357212304317578,SKU0140
2026-06-01,18.020358616841506,SKU0140
2026-07-01,18.6621131128324,SKU0140
2026-08-01,19.32525942535633,SKU0140
2026-09-01,19.988405737880253,SKU0140
2026-10-01,20.63016023387115,SKU0140
2026-01-01,8.877478609999999,SKU0141
2026-02-01,8.183398977016573,SKU0141
2026-03-01,7.556488341316934,SKU0141
2026-04-01,6.8624087097925175,SKU0141
2026-05-01,6.190718742998816,SKU0141
2026-06-01,5.49663910993522,SKU0141
2026-07-01,4.82494914245432,SKU0141
2026-08-01,4.130869509390724,SKU0141
2026-09-01,3.4367898763271265,SKU0141
2026-10-01,2.765099908846226,SKU0141
2025-12-01,12.06841734,SKU0142
2026-01-01,12.712372926466982,SKU0142
2026-02-01,13.356328515433786,SKU0142
2026-03-01,13.937965815827935,SKU0142
2026-04-01,14.581921347619486,SKU0142
2026-05-01,15.205104124892896,SKU0142
2026-06-01,15.84905966134273,SKU0142
2026-07-01,16.47224243855225,SKU0142
2026-08-01,17.116197975002084,SKU0142
2026-09-01,17.760153511451918,SKU0142
2026-10-01,18.38333628866144,SKU0142
2026-01-01,6.343547539999999,SKU0143
2026-02-01,6.274602396596683,SKU0143
2026-03-01,6.212331506352011,SKU0143
2026-04-01,6.143387905991537,SKU0143
2026-05-01,6.076670588414002,SKU0143
2026-06-01,6.007729374884487,SKU0143
2026-07-01,5.941012071468828,SKU0143
2026-08-01,5.872070857939313,SKU0143
2026-09-01,5.803129644409799,SKU0143
2026-10-01,5.736412340994139,SKU0143
2026-01-01,32.667831299999996,SKU0144
2026-02-01,26.989867891712702,SKU0144
2026-03-01,21.861384819010805,SKU0144
2026-04-01,16.183421411555223,SKU0144
2026-05-01,10.688618094903173,SKU0144
2026-06-01,5.010654704129191,SKU0144
2026-07-01,-0.4841485772649867,SKU0144
2026-08-01,-6.162111968038962,SKU0144
2026-09-01,-11.840075358812951,SKU0144
2026-10-01,-17.334878640207126,SKU0144
2025-12-01,2.08739605,SKU0145
2026-01-01,3.4852177679716982,SKU0145
2026-02-01,4.883039479496022,SKU0145
2026-03-01,6.145588120094502,SKU0145
2026-04-01,7.543409827301244,SKU0145
2026-05-01,8.896140512435585,SKU0145
2026-06-01,10.293962212636993,SKU0145
2026-07-01,11.646692890251257,SKU0145
2026-08-01,13.044514590452664,SKU0145
2026-09-01,14.442336290654072,SKU0145
2026-10-01,15.795066968268335,SKU0145
2026-01-01,20.99875212,SKU0146
2026-02-01,20.41199625281768,SKU0146
2026-03-01,19.88202324642262,SKU0146
2026-04-01,19.295267420524358,SKU0146
2026-05-01,18.727439229326862,SKU0146
2026-06-01,18.14068347698896,SKU0146
2026-07-01,17.572855329565193,SKU0146
2026-08-01,16.986099577227293,SKU0146
2026-09-01,16.399343824889396,SKU0146
2026-10-01,15.831515677465617,SKU0146
2026-01-01,13.048289330000001,SKU0147
2026-02-01,11.705821916298342,SKU0147
2026-03-01,10.49327069460404,SKU0147
2026-04-01,9.15080327871162,SKU0147
2026-05-01,7.851641261349235,SKU0147
2026-06-01,6.509173848988426,SKU0147
2026-07-01,5.210011837026354,SKU0147
2026-08-01,3.867544424665546,SKU0147
2026-09-01,2.5250770123047364,SKU0147
2026-10-01,1.2259150003426647,SKU0147
2026-01-01,9.116144180000001,SKU0148
2026-02-01,8.34398266845304,SKU0148
2026-03-01,7.646546471325123,SKU0148
2026-04-01,6.874384969786529,SKU0148
2026-05-01,6.127131904212342,SKU0148
2026-06-01,5.354970400443377,SKU0148
2026-07-01,4.607717332279862,SKU0148
2026-08-01,3.8355558285108975,SKU0148
2026-09-01,3.0633943247419317,SKU0148
2026-10-01,2.316141256578417,SKU0148
2025-12-01,10.8665406,SKU0149
2026-01-01,10.30553961283019,SKU0149
2026-02-01,9.744538626542953,SKU0149
2026-03-01,9.237828056491924,SKU0149
2026-04-01,8.676827069233669,SKU0149
2026-05-01,8.133922889502184,SKU0149
2026-07-01,7.030017724048163,SKU0149
2026-08-01,6.469016738325627,SKU0149
2026-09-01,5.908015752603092,SKU0149
2026-10-01,5.365111572871606,SKU0149
2025-12-01,7.27214325,SKU0150
2026-01-01,7.063055831108491,SKU0150
2026-02-01,6.853968437198711,SKU0150
2026-03-01,6.665115308598327,SKU0150
2026-04-01,6.456027929056246,SKU0150
2026-05-01,6.25368528612122,SKU0150
2026-06-01,6.044597876654154,SKU0150
2026-07-01,5.842255222331188,SKU0150
2026-08-01,5.633167812864122,SKU0150
2026-09-01,5.424080403397056,SKU0150
2026-10-01,5.221737749074089,SKU0150
2025-12-01,9.33590496,SKU0151
2026-01-01,9.127088831320755,SKU0151
2026-02-01,8.91827269912025,SKU0151
2026-03-01,8.729664578150103,SKU0151
2026-04-01,8.520848444521636,SKU0151
2026-05-01,8.318768312665334,SKU0151
2026-06-01,8.109952174918039,SKU0151
2026-07-01,7.9078720416142065,SKU0151
2026-08-01,7.699055903866912,SKU0151
2026-09-01,7.490239766119618,SKU0151
2026-10-01,7.288159632815786,SKU0151
2026-01-01,16.70353608,SKU0152
2026-03-01,16.088722502806633,SKU0152
2026-04-01,15.765684861114572,SKU0152
2026-05-01,15.453067789418414,SKU0152
2026-06-01,15.130030148956024,SKU0152
2026-07-01,14.817413077540811,SKU0152
2026-08-01,14.494375437078421,SKU0152
2026-09-01,14.17133779661603,SKU0152
2026-10-01,13.858720725200818,SKU0152
2025-12-01,8.71655358,SKU0153
2026-01-01,8.821188327115385,SKU0153
2026-02-01,8.925823075451834,SKU0153
2026-03-01,9.020331881423717,SKU0153
2026-04-01,9.124966631920493,SKU0153
2026-05-01,9.226226068043196,SKU0153
2026-06-01,9.330860818703323,SKU0153
2026-07-01,9.432120254826026,SKU0153
2026-08-01,9.536755005486153,SKU0153
2026-09-01,9.641389756146278,SKU0153
2026-01-01,5.09368174,SKU0154
2026-02-01,5.256214061425414,SKU0154
2026-03-01,5.403017463505864,SKU0154
2026-04-01,5.5655498179160805,SKU0154
2026-05-01,5.7228391881743725,SKU0154
2026-06-01,5.885371558118799,SKU0154
2026-07-01,6.0426609483876,SKU0154
2026-08-01,6.205193318332027,SKU0154
2026-09-01,6.3677256882764555,SKU0154
2026-10-01,6.525015078545255,SKU0154
2025-12-01,8.771966840000001,SKU0155
2026-01-01,8.758329796610377,SKU0155
2026-03-01,8.732375425131758,SKU0155
2026-04-01,8.718738382937575,SKU0155
2026-05-01,8.705541244794157,SKU0155
2026-06-01,8.691904201979302,SKU0155
2026-07-01,8.678707063771377,SKU0155
2026-08-01,8.665070020956524,SKU0155
2026-09-01,8.651432978141667,SKU0155
2026-10-01,8.638235839933742,SKU0155
2026-01-01,9.54841124,SKU0156
2026-02-01,8.868224342651933,SKU0156
2026-03-01,8.253861976296514,SKU0156
2026-04-01,7.573675064054356,SKU0156
2026-05-01,6.915429659245154,SKU0156
2026-06-01,6.235242741412212,SKU0156
2026-07-01,5.576997337057751,SKU0156
2026-08-01,4.89681041922481,SKU0156
2026-09-01,4.216623501391867,SKU0156
2026-10-01,3.558378097037407,SKU0156
2026-01-01,8.21008968,SKU0157
2026-02-01,8.294421502303866,SKU0157
2026-03-01,8.37059218713134,SKU0157
2026-04-01,8.454924039146203,SKU0157
2026-05-01,8.536535485099112,SKU0157
2026-06-01,8.62086731730725,SKU0157
2026-07-01,8.702478767831252,SKU0157
2026-08-01,8.78681060003939,SKU0157
2026-09-01,8.871142432247526,SKU0157
2026-10-01,8.95275388277153,SKU0157
2026-01-01,5.68529416,SKU0158
2026-02-01,13.335916749668874,SKU0158
2026-03-01,20.246156495135672,SKU0158
2026-04-01,27.896779050843957,SKU0158
2026-05-01,35.30060734791819,SKU0158
2026-06-01,42.95122992156156,SKU0158
2026-07-01,50.35505821863579,SKU0158
2026-08-01,58.00568079227918,SKU0158
2026-09-01,65.65630336592254,SKU0158
2026-01-01,7.6509726,SKU0159
2026-02-01,6.9425566950276245,SKU0159
2026-03-01,6.302697167357164,SKU0159
2026-04-01,5.594281259662283,SKU0159
2026-05-01,4.90871747739208,SKU0159
2026-07-01,3.5147377867759984,SKU0159
2026-08-01,2.8063218784301207,SKU0159
2026-09-01,2.097905970084243,SKU0159
2026-10-01,1.4123421878140385,SKU0159
2026-01-01,8.62508907,SKU0160
2026-02-01,8.111387107458565,SKU0160
2026-03-01,7.647398232747386,SKU0160
2026-04-01,7.133696326651758,SKU0160
2026-05-01,6.636565452195121,SKU0160
2026-06-01,6.122863543420879,SKU0160
2026-07-01,5.6257326639619345,SKU0160
2026-08-01,5.112030755187691,SKU0160
2026-09-01,4.598328846413448,SKU0160
2026-10-01,4.101197966954503,SKU0160
2026-01-01,12.81611877,SKU0161
2026-02-01,11.797747816740332,SKU0161
2026-03-01,10.877928891372664,SKU0161
2026-04-01,9.859557939155671,SKU0161
2026-05-01,8.874037661609654,SKU0161
2026-06-01,7.855666709540687,SKU0161
2026-07-01,6.87014643334491,SKU0161
2026-08-01,5.851775481275942,SKU0161
2026-09-01,4.833404529206974,SKU0161
2026-10-01,3.847884253011197,SKU0161
2026-01-01,8.88932442,SKU0162
2026-03-01,13.893824600718233,SKU0162
2026-04-01,16.523307744820322,SKU0162
2026-05-01,19.06796884932041,SKU0162
2026-06-01,21.6974519652655,SKU0162
2026-07-01,24.242113045212374,SKU0162
2026-08-01,26.871596161157473,SKU0162
2026-09-01,29.501079277102573,SKU0162
2026-10-01,32.04574035704944,SKU0162
2026-01-01,5.98412529,SKU0163
2026-02-01,5.989677132271823,SKU0163
2026-03-01,5.994691698932878,SKU0163
2026-04-01,6.000243540423666,SKU0163
2026-05-01,6.005616289916266,SKU0163
2026-06-01,6.011168130871142,SKU0163
2026-07-01,6.016540880182312,SKU0163
2026-08-01,6.022092721137188,SKU0163
2026-09-01,6.027644562092064,SKU0163
2026-10-01,6.033017311403234,SKU0163
2025-12-01,3.6001328999999997,SKU0164
2026-01-01,3.973781515094339,SKU0164
2026-02-01,4.347430130535391,SKU0164
2026-03-01,4.684919202705663,SKU0164
2026-04-01,5.058567818094449,SKU0164
2026-05-01,5.420163252320297,SKU0164
2026-06-01,5.7938118677971095,SKU0164
2026-07-01,6.155407302129509,SKU0164
2026-08-01,6.529055917606321,SKU0164
2026-09-01,6.902704533083135,SKU0164
2026-10-01,7.264299967415534,SKU0164
2025-12-01,26.779605139999997,SKU0165
2026-01-01,23.46478808396226,SKU0165
2026-02-01,20.149971024724245,SKU0165
2026-03-01,17.155942711170017,SKU0165
2026-04-01,13.841125652841166,SKU0165
2026-05-01,10.633238178836447,SKU0165
2026-06-01,7.318421122478385,SKU0165
2026-07-01,4.110533648583486,SKU0165
2026-08-01,0.7957165922254272,SKU0165
2026-09-01,-2.519100464132641,SKU0165
2026-10-01,-5.726987938027537,SKU0165
2026-01-01,13.70812184,SKU0166
2026-02-01,12.19151927038674,SKU0166
2026-03-01,10.821684690461943,SKU0166
2026-04-01,9.305082119203885,SKU0166
2026-05-01,7.837402209751595,SKU0166
2026-06-01,6.320799636730933,SKU0166
2026-07-01,4.853119727356098,SKU0166
2026-08-01,3.3365171543354384,SKU0166
2026-09-01,1.8199145813147763,SKU0166
2026-10-01,0.35223467193994207,SKU0166
2025-12-01,6.8424307,SKU0167
2026-01-01,6.960526024424529,SKU0167
2026-02-01,7.078621349252955,SKU0167
2026-03-01,7.185288093986809,SKU0167
2026-04-01,7.303383418256158,SKU0167
2026-05-01,7.4176692145373355,SKU0167
2026-06-01,7.5357645357886955,SKU0167
2026-07-01,7.6500503305480745,SKU0167
2026-08-01,7.768145651799433,SKU0167
2026-09-01,7.886240973050791,SKU0167
2026-10-01,8.000526767810172,SKU0167
2025-12-01,6.45565786,SKU0168
2026-01-01,6.621991079080189,SKU0168
2026-02-01,6.788324290820338,SKU0168
2026-03-01,6.9385607407988665,SKU0168
2026-04-01,7.104893946983512,SKU0168
2026-05-01,7.265861569964841,SKU0168
2026-06-01,7.432194779896303,SKU0168
2026-07-01,7.59316240241062,SKU0168
2026-08-01,7.759495612342082,SKU0168
2026-09-01,7.9258288222735445,SKU0168
2026-10-01,8.086796444787861,SKU0168
2025-12-01,6.40048436,SKU0169
2026-01-01,6.902504385990566,SKU0169
2026-02-01,7.4045244115116535,SKU0169
2026-03-01,7.857961854398833,SKU0169
2026-04-01,8.359981881228714,SKU0169
2026-05-01,8.845807712653452,SKU0169
2026-06-01,9.347827738106057,SKU0169
2026-07-01,9.833653569189224,SKU0169
2026-08-01,10.335673594641829,SKU0169
2026-09-01,10.837693620094432,SKU0169
2026-10-01,11.323519451177598,SKU0169
2025-12-01,7.978870649999999,SKU0170
2026-01-01,8.89156526620879,SKU0170
2026-02-01,9.80425988096567,SKU0170
2026-04-01,11.54132383585493,SKU0170
2026-05-01,12.424576693165209,SKU0170
2026-06-01,13.337271312385832,SKU0170
2026-07-01,14.220524169696114,SKU0170
2026-08-01,15.133218788916736,SKU0170
2026-09-01,16.04591340813736,SKU0170
2026-01-01,4.96741352,SKU0171
2026-02-01,5.125937791823205,SKU0171
2026-03-01,5.269121005305413,SKU0171
2026-04-01,5.427645276933481,SKU0171
2026-05-01,5.581055861952083,SKU0171
2026-06-01,5.739580133159084,SKU0171
2026-07-01,5.892990718198117,SKU0171
2026-08-01,6.051514989405119,SKU0171
2026-09-01,6.2100392606121195,SKU0171
2026-10-01,6.363449845651152,SKU0171
2025-12-01,7.0750017,SKU0172
2026-01-01,7.052855552971698,SKU0172
2026-02-01,7.03070940519818,SKU0172
2026-03-01,7.010706432957921,SKU0172
2026-04-01,6.988560285629237,SKU0172
2026-05-01,6.967128530779857,SKU0172
2026-07-01,6.923550629252783,SKU0172
2026-08-01,6.901404482575089,SKU0172
2026-09-01,6.879258335897395,SKU0172
2026-10-01,6.857826581048014,SKU0172
2026-01-01,7.81563936,SKU0173
2026-02-01,7.481080317348066,SKU0173
2026-03-01,7.178897955336884,SKU0173
2026-04-01,6.844338912280964,SKU0173
2026-05-01,6.520572096864097,SKU0173
2026-06-01,6.186013053488875,SKU0173
2026-07-01,5.862246237319305,SKU0173
2026-08-01,5.527687193944083,SKU0173
2026-09-01,5.19312815056886,SKU0173
2026-10-01,4.869361334399291,SKU0173
2026-01-01,14.56596533,SKU0174
2026-02-01,12.796181526574586,SKU0174
2026-03-01,11.197667121634149,SKU0174
2026-04-01,9.427883316884715,SKU0174
2026-05-01,7.715189311476707,SKU0174
2026-06-01,5.945405507628245,SKU0174
2026-07-01,4.232711503903926,SKU0174
2026-08-01,2.462927700055465,SKU0174
2026-09-01,0.6931438962070016,SKU0174
2026-10-01,-1.019550107517318,SKU0174
2025-12-01,5.6878812299999995,SKU0175
2026-01-01,7.569115446226414,SKU0175
2026-02-01,9.450349662098121,SKU0175
2026-03-01,11.149528954507119,SKU0175
2026-05-01,14.851312413688147,SKU0175
2026-06-01,16.732546629449516,SKU0175
2026-07-01,18.553095870508905,SKU0175
2026-08-01,20.434330086270275,SKU0175
2026-09-01,22.315564302031646,SKU0175
2026-10-01,24.13611354309103,SKU0175
2026-01-01,10.1050378,SKU0176
2026-02-01,8.939437938729283,SKU0176
2026-03-01,7.886638063352012,SKU0176
2026-04-01,6.72103820087131,SKU0176
2026-05-01,5.593038332692282,SKU0176
2026-06-01,4.427438468106512,SKU0176
2026-07-01,3.2994385991525426,SKU0176
2026-08-01,2.1338387345667744,SKU0176
2026-09-01,0.9682388699810043,SKU0176
2026-10-01,-0.15976099897296558,SKU0176
2025-12-01,2.81542746,SKU0177
2026-01-01,3.8922235907547176,SKU0177
2026-03-01,5.9416097714074105,SKU0177
2026-04-01,7.0184058978643655,SKU0177
2026-05-01,8.060466662438747,SKU0177
2026-06-01,9.137262785296098,SKU0177
2026-07-01,10.1793235493516,SKU0177
2026-08-01,11.256119672208952,SKU0177
2026-09-01,12.332915795066306,SKU0177
2026-10-01,13.374976559121807,SKU0177
2026-01-01,10.17848867,SKU0178
2026-02-01,9.876985339596686,SKU0178
2026-03-01,9.604659807166444,SKU0178
2026-04-01,9.30315650485961,SKU0178
2026-05-01,9.011379075187886,SKU0178
2026-06-01,8.709875763916733,SKU0178
2026-07-01,8.41809836591239,SKU0178
2026-08-01,8.116595054641238,SKU0178
2026-09-01,7.815091743370085,SKU0178
2026-10-01,7.523314345365743,SKU0178
2026-01-01,4.74101516,SKU0179
2026-02-01,5.614528374696132,SKU0179
2026-03-01,6.403508050696548,SKU0179
2026-04-01,7.277021260601783,SKU0179
2026-05-01,8.122356624706354,SKU0179
2026-06-01,8.995869832404464,SKU0179
2026-07-01,9.841205194692959,SKU0179
2026-08-01,10.71471840239107,SKU0179
2026-09-01,11.588231610089178,SKU0179
2026-10-01,12.433566972377672,SKU0179
2026-02-01,8.49150629,SKU0180
2026-03-01,8.996487740400001,SKU0180
2026-04-01,9.55557435502691,SKU0180
2026-05-01,10.096625923551112,SKU0180
2026-06-01,10.655712546742103,SKU0180
2026-07-01,11.196764117572092,SKU0180
2026-08-01,11.755850740763082,SKU0180
2026-09-01,12.314937363954071,SKU0180
2026-10-01,12.855988934784062,SKU0180
2025-12-01,8.311943639999999,SKU0181
2026-01-01,8.697738123820754,SKU0181
2026-02-01,9.083532607169543,SKU0181
2026-03-01,9.43199214029062,SKU0181
2026-04-01,9.817786623398217,SKU0181
2026-05-01,10.191136123683096,SKU0181
2026-06-01,10.576930606985893,SKU0181
2026-07-01,10.95028010695634,SKU0181
2026-08-01,11.336074590259136,SKU0181
2026-09-01,11.72186907356193,SKU0181
2026-10-01,12.095218573532376,SKU0181
2026-01-01,5.327118,SKU0182
2026-02-01,5.802108024033149,SKU0182
2026-03-01,6.231131274966632,SKU0182
2026-04-01,6.706121301945539,SKU0182
2026-05-01,7.1657890706257135,SKU0182
2026-06-01,7.640779097839456,SKU0182
2026-07-01,8.100446866110818,SKU0182
2026-08-01,8.575436893324559,SKU0182
2026-09-01,9.0504269205383,SKU0182
2026-10-01,9.510094688809664,SKU0182
2026-01-01,9.39292562,SKU0183
2026-02-01,8.973643272384107,SKU0183
2026-03-01,8.594936634520206,SKU0183
2026-04-01,8.175654285965011,SKU0183
2026-05-01,7.769897174279871,SKU0183
2026-06-01,7.35061482553856,SKU0183
2026-07-01,6.9448577138534215,SKU0183
2026-08-01,6.525575365112108,SKU0183
2026-09-01,6.106293016370798,SKU0183
2025-12-01,7.14074922,SKU0184
2026-01-01,6.95520103476415,SKU0184
2026-02-01,6.769652850091319,SKU0184
2026-03-01,6.602060941616441,SKU0184
2026-04-01,6.416512757923492,SKU0184
2026-05-01,6.2369499998803395,SKU0184
2026-07-01,5.87183905852593,SKU0184
2026-08-01,5.686290875214674,SKU0184
2026-09-01,5.500742691903417,SKU0184
2026-10-01,5.3211799338602646,SKU0184
2026-01-01,3.71420385,SKU0185
2026-02-01,5.03832061160221,SKU0185
2026-03-01,6.234297042703294,SKU0185
2026-04-01,7.558413806921226,SKU0185
2026-05-01,8.839817126264169,SKU0185
2026-06-01,10.163933890897582,SKU0185
2026-07-01,11.445337211510564,SKU0185
2026-08-01,12.769453976143973,SKU0185
2026-09-01,14.09357074077739,SKU0185
2026-10-01,15.374974061390368,SKU0185
2025-12-01,8.82280608,SKU0186
2026-01-01,8.4834252670283,SKU0186
2026-02-01,8.144044454442303,SKU0186
2026-03-01,7.837506946003757,SKU0186
2026-04-01,7.49812613303422,SKU0186
2026-05-01,7.169693088104767,SKU0186
2026-06-01,6.830312274441534,SKU0186
2026-07-01,6.501879228960987,SKU0186
2026-08-01,6.162498415297754,SKU0186
2026-09-01,5.823117601634521,SKU0186
2026-10-01,5.494684556153974,SKU0186
2025-12-01,8.47328274,SKU0187
2026-01-01,8.464011436816982,SKU0187
2026-03-01,8.44636605195635,SKU0187
2026-04-01,8.437094748771312,SKU0187
2026-05-01,8.428122519516682,SKU0187
2026-06-01,8.418851216313255,SKU0187
2026-07-01,8.409878987406712,SKU0187
2026-08-01,8.400607684203285,SKU0187
2026-09-01,8.391336380999858,SKU0187
2026-10-01,8.382364152093315,SKU0187
2026-01-01,30.991938770000004,SKU0188
2026-02-01,28.537300519116027,SKU0188
2026-03-01,26.32020790598295,SKU0188
2026-04-01,23.865569655070345,SKU0188
2026-05-01,21.49011328278725,SKU0188
2026-06-01,19.0354750331727,SKU0188
2026-07-01,16.66001866257798,SKU0188
2026-08-01,14.205380412963432,SKU0188
2026-09-01,11.750742163348882,SKU0188
2026-10-01,9.375285792754159,SKU0188
2025-12-01,5.998412999999999,SKU0189
2026-01-01,6.434150571933962,SKU0189
2026-02-01,6.8698881541585335,SKU0189
2026-03-01,7.263457586484007,SKU0189
2026-04-01,7.699195182060354,SKU0189
2026-05-01,8.120876722386845,SKU0189
2026-06-01,8.556614326660943,SKU0189
2026-07-01,8.978295879184266,SKU0189
2026-08-01,9.414033483458363,SKU0189
2026-09-01,9.849771087732464,SKU0189
2026-10-01,10.271452640255784,SKU0189
2025-12-01,5.41913352,SKU0190
2026-01-01,6.210521614433962,SKU0190
2026-02-01,7.001909709557998,SKU0190
2026-03-01,7.716711858381196,SKU0190
2026-04-01,8.508099950713648,SKU0190
2026-05-01,9.273959392425708,SKU0190
2026-06-01,10.065347478340136,SKU0190
2026-07-01,10.831206916321843,SKU0190
2026-08-01,11.62259500223627,SKU0190
2026-09-01,12.4139830881507,SKU0190
2026-10-01,13.179842526132406,SKU0190
2026-01-01,7.4218538,SKU0191
2026-02-01,7.067938908839779,SKU0191
2026-04-01,6.394358953359641,SKU0191
2026-05-01,6.0518606706072955,SKU0191
2026-06-01,5.697945777959037,SKU0191
2026-07-01,5.355447494751044,SKU0191
2026-08-01,5.001532602102786,SKU0191
2026-09-01,4.647617709454527,SKU0191
2026-10-01,4.305119426246534,SKU0191
2025-12-01,8.4445224,SKU0192
2026-01-01,8.990556224528301,SKU0192
2026-03-01,10.029781885754982,SKU0192
2026-04-01,10.575815710378784,SKU0192
2026-05-01,11.10423554353077,SKU0192
2026-06-01,11.650269372491307,SKU0192
2026-07-01,12.178689206969246,SKU0192
2026-08-01,12.724723035929781,SKU0192
2026-09-01,13.270756864890318,SKU0192
2026-10-01,13.799176699368259,SKU0192
2025-12-01,7.64982127,SKU0193
2026-01-01,8.080360712216981,SKU0193
2026-02-01,8.510900149202715,SKU0193
2026-03-01,8.899774481166634,SKU0193
2026-04-01,9.330313919715275,SKU0193
2026-05-01,9.746964986282759,SKU0193
2026-06-01,10.17750441992959,SKU0193
2026-07-01,10.594155484749102,SKU0193
2026-08-01,11.024694918395932,SKU0193
2026-09-01,11.455234352042762,SKU0193
2026-10-01,11.871885416862275,SKU0193
2026-01-01,6.8109844,SKU0194
2026-02-01,7.445577656850829,SKU0194
2026-03-01,8.018758662516126,SKU0194
2026-05-01,9.267474427220037,SKU0194
2026-06-01,9.902067686031554,SKU0194
2026-07-01,10.516190194558826,SKU0194
2026-08-01,11.150783453370341,SKU0194
2026-09-01,11.785376712181858,SKU0194
2026-10-01,12.399499220709131,SKU0194
2026-01-01,9.31225235,SKU0195
2026-02-01,9.59683815864641,SKU0195
2026-03-01,9.853883405066899,SKU0195
2026-04-01,10.138469213535277,SKU0195
2026-05-01,10.413874834895186,SKU0195
2026-06-01,10.698460644071071,SKU0195
2026-07-01,10.97386626585419,SKU0195
2026-08-01,11.258452075030075,SKU0195
2026-09-01,11.543037884205964,SKU0195
2026-10-01,11.818443505989078,SKU0195
2026-01-01,4.56480542,SKU0196
2026-02-01,5.595890103535912,SKU0196
2026-03-01,6.5271923979799364,SKU0196
2026-04-01,7.558277081845256,SKU0196
2026-05-01,8.556100969088945,SKU0196
2026-06-01,9.587185653393407,SKU0196
2026-07-01,10.585009541429981,SKU0196
2026-08-01,11.61609422573444,SKU0196
2026-09-01,12.6471789100389,SKU0196
2026-10-01,13.645002798075474,SKU0196
2026-01-01,21.37339456,SKU0197
2026-02-01,18.74892539359116,SKU0197
2026-03-01,16.378435941109032,SKU0197
2026-04-01,13.75396383827269,SKU0197
2026-05-01,11.214152308457816,SKU0197
2026-06-01,8.589681165222617,SKU0197
2026-07-01,6.049870381446617,SKU0197
2026-08-01,3.4253992382114187,SKU0197
2026-09-01,0.8009280949762148,SKU0197
2026-10-01,-1.738882688799785,SKU0197
2025-12-01,10.136421050000001,SKU0198
2026-01-01,12.250091586084906,SKU0198
2026-02-01,14.363762121572389,SKU0198
2026-03-01,16.272883894981458,SKU0198
2026-04-01,18.38655442782414,SKU0198
2026-05-01,20.432042040040965,SKU0198
2026-06-01,22.54571257366267,SKU0198
2026-07-01,24.59120018684496,SKU0198
2026-08-01,26.704870720466666,SKU0198
2026-09-01,28.81854125408837,SKU0198
2026-10-01,30.86402886727066,SKU0198
2025-12-01,5.9162729999999994,SKU0199
2026-01-01,6.77224708226415,SKU0199
2026-02-01,7.628221162342953,SKU0199
2026-03-01,8.4013590332293,SKU0199
2026-04-01,9.257333110392029,SKU0199
2026-05-01,10.085695123435857,SKU0199
2026-06-01,10.941669198774655,SKU0199
2026-07-01,11.770031207167044,SKU0199
2026-08-01,12.626005282505842,SKU0199
2026-09-01,13.48197935784464,SKU0199
2026-10-01,14.310341366237026,SKU0199
2025-12-01,14.421037119999998,SKU0200
2026-01-01,13.586709378490566,SKU0200
2026-02-01,12.752381637175125,SKU0200
2026-03-01,11.998795287872555,SKU0200
2026-04-01,11.164467546466557,SKU0200
2026-05-01,10.357053604513906,SKU0200
2026-06-01,9.522725866162517,SKU0200
2026-07-01,8.715311925822462,SKU0200
2026-08-01,7.880984187471072,SKU0200
2026-09-01,7.0466564491196815,SKU0200
2026-10-01,6.239242508779627,SKU0200
