ds,yhat,sku_id
2025-12-01,3.8156155199999997,SKU0001
2026-01-01,4.599405219056604,SKU0001
2026-02-01,5.383194917744265,SKU0001
2026-03-01,6.091134000047739,SKU0001
2026-04-01,6.874923698048878,SKU0001
2026-05-01,7.633429857075496,SKU0001
2026-06-01,8.417219555044566,SKU0001
2026-07-01,9.175725714369475,SKU0001
2026-08-01,9.959515412338547,SKU0001
2026-09-01,10.743305110307618,SKU0001
2026-10-01,11.501811269632526,SKU0001
2026-01-01,11.098829720000001,SKU0002
2026-02-01,9.9349278040884,SKU0002
2026-03-01,8.883662018651604,SKU0002
2026-04-01,7.71976006933259,SKU0002
2026-05-01,6.593403018735053,SKU0002
2026-06-01,5.429500783801832,SKU0002
2026-07-01,4.303143782253554,SKU0002
2026-08-01,3.1392415473203323,SKU0002
2026-09-01,1.9753393123871112,SKU0002
2026-10-01,0.8489823108388316,SKU0002
2026-02-01,2.66852256,SKU0003
2026-03-01,4.488259255466667,SKU0003
2026-04-01,6.50296773981966,SKU0003
2026-05-01,8.452685629762833,SKU0003
2026-06-01,10.467394114646442,SKU0003
2026-07-01,12.417112003243483,SKU0003
2026-08-01,14.431820488127093,SKU0003
2026-09-01,16.4465289730107,SKU0003
2026-10-01,18.396246861607743,SKU0003
2026-01-01,11.7033908,SKU0004
2026-02-01,11.053983351886792,SKU0004
2026-03-01,10.467421800833614,SKU0004
2026-04-01,9.818014374623514,SKU0004
2026-05-01,9.189555502468378,SKU0004
2026-06-01,8.540147932250225,SKU0004
2026-07-01,7.911689010180227,SKU0004
2026-08-01,7.262281457374562,SKU0004
2026-09-01,6.612873904568898,SKU0004
2026-10-01,5.984414982498899,SKU0004
2026-11-01,5.335007429693235,SKU0004
2025-12-01,4.85636955,SKU0005
2026-01-01,5.190542260613207,SKU0005
2026-02-01,5.5247149711056425,SKU0005
2026-03-01,5.82654838724955,SKU0005
2026-04-01,6.1607210980672225,SKU0005
2026-05-01,6.484114043725172,SKU0005
2026-06-01,6.818286754272572,SKU0005
2026-07-01,7.141679699963605,SKU0005
2026-08-01,7.475852410511005,SKU0005
2026-09-01,7.8100251210584055,SKU0005
2026-10-01,8.133418066749437,SKU0005
2025-12-01,1.9555176000000003,SKU0006
2026-01-01,3.3933721974056605,SKU0006
2026-02-01,4.831226796400109,SKU0006
2026-03-01,6.12993417480378,SKU0006
2026-04-01,7.567788773164518,SKU0006
2026-05-01,8.959260964484265,SKU0006
2026-06-01,10.397115560849713,SKU0006
2026-07-01,11.78858775088079,SKU0006
2026-08-01,13.226442347246238,SKU0006
2026-09-01,14.664296943611687,SKU0006
2026-10-01,16.055769133642762,SKU0006
2025-12-01,7.822014900000001,SKU0007
2026-01-01,7.362066940754717,SKU0007
2026-02-01,6.902118934493528,SKU0007
2026-03-01,6.4866820613807485,SKU0007
2026-04-01,6.026734139809827,SKU0007
2026-05-01,5.581623278249463,SKU0007
2026-06-01,5.121675351292847,SKU0007
2026-07-01,4.676564454238057,SKU0007
2026-08-01,4.21661652728144,SKU0007
2026-09-01,3.7566686003248235,SKU0007
2026-10-01,3.311557703270034,SKU0007
2025-12-01,3.5307958000000004,SKU0008
2026-01-01,4.07828338872428,SKU0008
2026-02-01,4.625770977657243,SKU0008
2026-03-01,5.120275896881522,SKU0008
2026-04-01,5.667763485850341,SKU0008
2026-05-01,6.197590184885851,SKU0008
2026-06-01,6.74507777353943,SKU0008
2026-07-01,7.274904472131235,SKU0008
2026-08-01,7.822392060676102,SKU0008
2026-09-01,8.369879649220966,SKU0008
2026-10-01,8.899706347812772,SKU0008
2026-11-01,9.447193936357639,SKU0008
2026-01-01,9.11837037,SKU0009
2026-02-01,9.076000625712707,SKU0009
2026-03-01,9.03773117723435,SKU0009
2026-04-01,8.995361428840944,SKU0009
2026-05-01,8.954358445089028,SKU0009
2026-06-01,8.911988693714948,SKU0009
2026-07-01,8.870985708514226,SKU0009
2026-08-01,8.828615957140146,SKU0009
2026-09-01,8.786246205766068,SKU0009
2026-10-01,8.745243220565346,SKU0009
2026-01-01,7.86540292,SKU0010
2026-02-01,8.97380033231132,SKU0010
2026-03-01,9.974933479231128,SKU0010
2026-04-01,11.083330891542756,SKU0010
2026-05-01,12.155973548112526,SKU0010
2026-06-01,13.264370959660443,SKU0010
2026-07-01,14.337013616299682,SKU0010
2026-08-01,15.44541102816023,SKU0010
2026-09-01,16.55380844002078,SKU0010
2026-10-01,17.626451096660016,SKU0010
2026-11-01,18.734848508520567,SKU0010
2026-01-01,5.04572139,SKU0011
2026-02-01,5.274754894640884,SKU0011
2026-03-01,5.481623867082263,SKU0011
2026-04-01,5.710657372161558,SKU0011
2026-05-01,5.932302699901054,SKU0011
2026-06-01,6.161336205381785,SKU0011
2026-07-01,6.3829815332663635,SKU0011
2026-08-01,6.612015038747094,SKU0011
2026-09-01,6.841048544227825,SKU0011
2026-10-01,7.062693872112403,SKU0011
2026-01-01,8.85153528,SKU0012
2026-02-01,8.111833196037736,SKU0012
2026-03-01,7.443715185108189,SKU0012
2026-05-01,5.988172375952617,SKU0012
2026-06-01,5.2484702925821285,SKU0012
2026-07-01,4.5326295672512655,SKU0012
2026-08-01,3.7929274844093737,SKU0012
2026-09-01,3.0532254015674822,SKU0012
2026-10-01,2.337384676236619,SKU0012
2026-11-01,1.5976825933947274,SKU0012
2026-01-01,7.958327000000001,SKU0013
2026-02-01,7.930353057250001,SKU0013
2026-03-01,7.905085683730172,SKU0013
2026-05-01,7.850037677092092,SKU0013
2026-06-01,7.822062576279161,SKU0013
2026-07-01,7.794989791750175,SKU0013
2026-08-01,7.767014581070223,SKU0013
2026-09-01,7.73903937039027,SKU0013
2026-10-01,7.711966585861283,SKU0013
2026-11-01,7.683991375181331,SKU0013
2026-01-01,9.928006,SKU0014
2026-02-01,10.196245865403315,SKU0014
2026-03-01,10.438527036259867,SKU0014
2026-04-01,10.706766903039147,SKU0014
2026-05-01,10.966353870215992,SKU0014
2026-06-01,11.23459373520928,SKU0014
2026-07-01,11.494180701331823,SKU0014
2026-08-01,11.762420566325112,SKU0014
2026-09-01,12.030660431318404,SKU0014
2026-10-01,12.290247397440943,SKU0014
2025-12-01,15.403848879999998,SKU0015
2026-01-01,14.565892161509431,SKU0015
2026-03-01,12.971071352676049,SKU0015
2026-04-01,12.133114629329196,SKU0015
2026-05-01,11.322188774980727,SKU0015
2026-06-01,10.484232040628658,SKU0015
2026-07-01,9.673306168675044,SKU0015
2026-08-01,8.835349434322977,SKU0015
2026-09-01,7.997392699970908,SKU0015
2026-10-01,7.186466828017295,SKU0015
2026-01-01,9.78527,SKU0016
2026-02-01,10.31710610961326,SKU0016
2026-03-01,10.797474212062285,SKU0016
2026-05-01,11.843990426829066,SKU0016
2026-06-01,12.37582653619915,SKU0016
2026-07-01,12.890506642041167,SKU0016
2026-08-01,13.422342751411247,SKU0016
2026-09-01,13.954178860781331,SKU0016
2026-10-01,14.468858966623348,SKU0016
2026-01-01,6.9537693,SKU0017
2026-02-01,6.919682140165746,SKU0017
2026-03-01,6.88889374065652,SKU0017
2026-04-01,6.8548065810702985,SKU0017
2026-05-01,6.82181901017782,SKU0017
2026-06-01,6.78773185871509,SKU0017
2026-07-01,6.754744292783417,SKU0017
2026-08-01,6.720657141320688,SKU0017
2026-09-01,6.686569989857957,SKU0017
2026-10-01,6.653582423926283,SKU0017
2026-01-01,17.270037079999998,SKU0018
2026-02-01,14.869757101325966,SKU0018
2026-03-01,12.701762285470535,SKU0018
2026-04-01,10.301482306833767,SKU0018
2026-05-01,7.978630714929611,SKU0018
2026-06-01,5.57835073777914,SKU0018
2026-07-01,3.255499146988364,SKU0018
2026-08-01,0.8552191698378957,SKU0018
2026-09-01,-1.545060807312575,SKU0018
2026-10-01,-3.8679123981033534,SKU0018
2026-02-01,7.89535175,SKU0019
2026-03-01,8.284276860933332,SKU0019
2026-04-01,8.714872563455408,SKU0019
2026-05-01,9.131578070706261,SKU0019
2026-07-01,9.978879257397564,SKU0019
2026-08-01,10.409474942437406,SKU0019
2026-09-01,10.840070627477248,SKU0019
2026-10-01,11.256776129128708,SKU0019
2026-01-01,7.40222523,SKU0020
2026-02-01,6.8795644886320755,SKU0020
2026-03-01,6.4074839898513964,SKU0020
2026-04-01,5.884823376067497,SKU0020
2026-05-01,5.379022929458898,SKU0020
2026-06-01,4.856362529116115,SKU0020
2026-07-01,4.35056230315755,SKU0020
2026-08-01,3.827902069667031,SKU0020
2026-09-01,3.3052418361765135,SKU0020
2026-10-01,2.799441610217947,SKU0020
2026-11-01,2.2767813767274294,SKU0020
2025-12-01,6.67122428,SKU0021
2026-01-01,6.692491735537736,SKU0021
2026-02-01,6.7137591910130245,SKU0021
2026-03-01,6.732968505496471,SKU0021
2026-04-01,6.754235960299974,SKU0021
2026-05-01,6.774817367996736,SKU0021
2026-06-01,6.796084822416443,SKU0021
2026-07-01,6.816666229919386,SKU0021
2026-08-01,6.837933684339094,SKU0021
2026-09-01,6.859201138758801,SKU0021
2026-10-01,6.879782546261745,SKU0021
2026-01-01,10.146423,SKU0022
2026-02-01,9.475656989403975,SKU0022
2026-03-01,8.869803818141067,SKU0022
2026-04-01,8.199037807415033,SKU0022
2026-05-01,7.549909408479165,SKU0022
2026-06-01,6.879143396245433,SKU0022
2026-07-01,6.230014997309564,SKU0022
2026-08-01,5.559248985075832,SKU0022
2026-09-01,4.888482972842101,SKU0022
2026-01-01,8.002781820000001,SKU0023
2026-02-01,8.835110250165746,SKU0023
2026-03-01,9.586890769462642,SKU0023
2026-04-01,10.419219201779148,SKU0023
2026-05-01,11.224698327923626,SKU0023
2026-06-01,12.05702675992747,SKU0023
2026-07-01,12.86250588767313,SKU0023
2026-08-01,13.694834319676973,SKU0023
2026-09-01,14.527162751680818,SKU0023
2026-10-01,15.332641879426474,SKU0023
2025-12-01,5.970933209999999,SKU0024
2026-01-01,6.193275633018867,SKU0024
2026-02-01,6.415618053547971,SKU0024
2026-03-01,6.616443466250781,SKU0024
2026-04-01,6.838785887540896,SKU0024
2026-05-01,7.053955974184133,SKU0024
2026-06-01,7.276298395784827,SKU0024
2026-07-01,7.491468481204854,SKU0024
2026-08-01,7.713810902805548,SKU0024
2026-09-01,7.936153324406243,SKU0024
2026-10-01,8.15132340982627,SKU0024
2026-01-01,30.074874660000003,SKU0025
2026-02-01,24.696008827458567,SKU0025
2026-03-01,19.837678406696053,SKU0025
2026-04-01,14.458812629164045,SKU0025
2026-05-01,9.253458713540416,SKU0025
2026-06-01,3.874593055370741,SKU0025
2026-07-01,-1.3307608073741066,SKU0025
2026-08-01,-6.70962646554378,SKU0025
2026-09-01,-12.088492123713458,SKU0025
2026-10-01,-17.293845986458305,SKU0025
2025-12-01,8.53681616,SKU0026
2026-01-01,8.059704303296705,SKU0026
2026-02-01,7.582592446143368,SKU0026
2026-03-01,7.151652704522104,SKU0026
2026-04-01,6.674540847873522,SKU0026
2026-05-01,6.212819696237558,SKU0026
2026-06-01,5.735707839547063,SKU0026
2026-07-01,5.2739866879110995,SKU0026
2026-08-01,4.796874831220604,SKU0026
2026-09-01,4.319762974530108,SKU0026
2026-01-01,9.169114050000001,SKU0027
2026-02-01,9.304042733543048,SKU0027
2026-03-01,9.425913796329258,SKU0027
2026-04-01,9.560842493514281,SKU0027
2026-05-01,9.691418644698517,SKU0027
2026-06-01,9.826347334255564,SKU0027
2026-07-01,9.956923485439804,SKU0027
2026-08-01,10.091852174996848,SKU0027
2026-09-01,10.226780864553895,SKU0027
2026-01-01,11.69234046,SKU0028
2026-02-01,10.533922459575471,SKU0028
2026-03-01,9.487609426094334,SKU0028
2026-04-01,8.32919142090298,SKU0028
2026-05-01,7.208141735307575,SKU0028
2026-06-01,6.049723724587461,SKU0028
2026-07-01,4.928674035418969,SKU0028
2026-08-01,3.770256023278193,SKU0028
2026-09-01,2.6118380111374178,SKU0028
2026-10-01,1.4907883219689246,SKU0028
2026-11-01,0.3323703098281495,SKU0028
2026-01-01,8.07207536,SKU0029
2026-02-01,7.899200709303867,SKU0029
2026-03-01,7.7430558633353455,SKU0029
2026-04-01,7.5701812128615495,SKU0029
2026-05-01,7.40288316445419,SKU0029
2026-06-01,7.230008514729961,SKU0029
2026-07-01,7.062710466609739,SKU0029
2026-08-01,6.889835816885511,SKU0029
2026-09-01,6.716961167161282,SKU0029
2026-10-01,6.54966311904106,SKU0029
2025-12-01,6.7187286,SKU0030
2026-01-01,6.8347247749245295,SKU0030
2026-02-01,6.950720949169057,SKU0030
2026-03-01,7.055491686941627,SKU0030
2026-04-01,7.1714878614402195,SKU0030
2026-05-01,7.28374222548117,SKU0030
2026-06-01,7.399738401222736,SKU0030
2026-07-01,7.511992764843608,SKU0030
2026-08-01,7.627988940585176,SKU0030
2026-09-01,7.743985116326743,SKU0030
2026-10-01,7.856239479947616,SKU0030
2025-12-01,3.827967,SKU0031
2026-01-01,4.8592083002830195,SKU0031
2026-02-01,5.89044960107882,SKU0031
2026-03-01,6.8218933571247975,SKU0031
2026-04-01,7.853134657793151,SKU0031
2026-06-01,9.882351413207358,SKU0031
2026-07-01,10.880326866689757,SKU0031
2026-08-01,11.911568168621566,SKU0031
2026-09-01,12.942809470553374,SKU0031
2026-10-01,13.940784924035773,SKU0031
2026-01-01,8.56799889,SKU0032
2026-02-01,7.881893871712707,SKU0032
2026-03-01,7.262186113346011,SKU0032
2026-04-01,6.576081095030945,SKU0032
2026-05-01,5.912108496690434,SKU0032
2026-06-01,5.226003478384442,SKU0032
2026-07-01,4.562030880023806,SKU0032
2026-08-01,3.8759258617178154,SKU0032
2026-09-01,3.189820843411824,SKU0032
2026-10-01,2.525848245051187,SKU0032
2025-12-01,4.6029819,SKU0033
2026-01-01,5.578061939150943,SKU0033
2026-03-01,7.433859430267062,SKU0033
2026-04-01,8.408939469122311,SKU0033
2026-05-01,9.352565312573489,SKU0033
2026-06-01,10.327645349844246,SKU0033
2026-07-01,11.271271192364336,SKU0033
2026-08-01,12.246351229635092,SKU0033
2026-09-01,13.221431266905851,SKU0033
2026-10-01,14.16505710942594,SKU0033
2025-12-01,6.73971648,SKU0034
2026-01-01,7.0665470643396215,SKU0034
2026-02-01,7.393377649879572,SKU0034
2026-03-01,7.688579469000738,SKU0034
2026-04-01,8.015410054018167,SKU0034
2026-05-01,8.331697717034531,SKU0034
2026-06-01,8.658528303265268,SKU0034
2026-07-01,8.974815967359527,SKU0034
2026-08-01,9.301646553590261,SKU0034
2026-09-01,9.628477139820998,SKU0034
2026-10-01,9.944764803915257,SKU0034
2026-01-01,7.69046712,SKU0035
2026-02-01,8.28920041607735,SKU0035
2026-03-01,8.829991780203484,SKU0035
2026-04-01,9.428725076704675,SKU0035
2026-05-01,10.008144396144816,SKU0035
2026-06-01,10.606877692551807,SKU0035
2026-07-01,11.18629701165535,SKU0035
2026-08-01,11.785030308062343,SKU0035
2026-09-01,12.383763604469335,SKU0035
2026-10-01,12.963182923572877,SKU0035
2026-01-01,9.828489860000001,SKU0036
2026-02-01,9.604144445966853,SKU0036
2026-03-01,9.401509879932917,SKU0036
2026-04-01,9.177164468401518,SKU0036
2026-05-01,8.960056005994183,SKU0036
2026-06-01,8.73571059467544,SKU0036
2026-07-01,8.518602132108917,SKU0036
2026-08-01,8.294256720790173,SKU0036
2026-09-01,8.069911309471433,SKU0036
2026-10-01,7.852802846904908,SKU0036
2025-12-01,5.55084885,SKU0037
2026-01-01,6.007507100943396,SKU0037
2026-02-01,6.464165349436505,SKU0037
2026-03-01,6.876630863367267,SKU0037
2026-04-01,7.333289102098637,SKU0037
2026-05-01,7.775216418152277,SKU0037
2026-06-01,8.231874654319187,SKU0037
2026-07-01,8.673801979642,SKU0037
2026-08-01,9.13046021580891,SKU0037
2026-09-01,9.58711845197582,SKU0037
2026-10-01,10.029045777298634,SKU0037
2025-12-01,6.613074360000001,SKU0038
2026-01-01,7.054960701509434,SKU0038
2026-02-01,7.4968470421029565,SKU0038
2026-03-01,7.895970187241185,SKU0038
2026-04-01,8.337856526613908,SKU0038
2026-05-01,8.765488330685159,SKU0038
2026-06-01,9.207374527214675,SKU0038
2026-07-01,9.635006330307757,SKU0038
2026-08-01,10.076892526837273,SKU0038
2026-09-01,10.51877872336679,SKU0038
2026-10-01,10.946410526459871,SKU0038
2025-12-01,11.01150804,SKU0039
2026-01-01,10.752469826115227,SKU0039
2026-02-01,10.493431612717835,SKU0039
2026-03-01,10.259461612332966,SKU0039
2026-04-01,10.000423399197347,SKU0039
2026-05-01,9.749741259169234,SKU0039
2026-06-01,9.490703050015888,SKU0039
2026-07-01,9.24002090960108,SKU0039
2026-08-01,8.980982697839112,SKU0039
2026-09-01,8.721944486077144,SKU0039
2026-10-01,8.471262345662335,SKU0039
2026-11-01,8.212224133900367,SKU0039
2026-01-01,6.7508982,SKU0040
2026-02-01,7.327487029723757,SKU0040
2026-03-01,7.84827694005876,SKU0040
2026-04-01,8.42486576852443,SKU0040
2026-05-01,8.982854958440294,SKU0040
2026-06-01,9.559443789792981,SKU0040
2026-07-01,10.117432981424614,SKU0040
2026-08-01,10.694021812777299,SKU0040
2026-09-01,11.270610644129988,SKU0040
2026-10-01,11.828599835761619,SKU0040
2025-12-01,15.030360540000002,SKU0041
2026-01-01,15.603782330801886,SKU0041
2026-02-01,16.177204122286575,SKU0041
2026-03-01,16.695133483014114,SKU0041
2026-04-01,17.26855527627624,SKU0041
2026-05-01,17.823479592383205,SKU0041
2026-06-01,18.396901384233338,SKU0041
2026-07-01,18.951825698927014,SKU0041
2026-08-01,19.525247490777147,SKU0041
2026-09-01,20.09866928262728,SKU0041
2026-10-01,20.653593597320953,SKU0041
2026-01-01,14.646198599999998,SKU0042
2026-03-01,11.12340263264151,SKU0042
2026-04-01,9.27244204342556,SKU0042
2026-05-01,7.481189852072272,SKU0042
2026-06-01,5.630229253026563,SKU0042
2026-07-01,3.8389770571073303,SKU0042
2026-08-01,1.9880164546574568,SKU0042
2026-09-01,0.1370558522075851,SKU0042
2026-10-01,-1.6541963437116496,SKU0042
2026-11-01,-3.505156946161521,SKU0042
2025-12-01,5.166711599999999,SKU0043
2026-01-01,5.008280818301887,SKU0043
2026-02-01,4.849850036820349,SKU0043
2026-03-01,4.7067512669156,SKU0043
2026-04-01,4.5483204853771655,SKU0043
2026-05-01,4.395000374780016,SKU0043
2026-06-01,4.2365695933255445,SKU0043
2026-07-01,4.083249482240573,SKU0043
2026-08-01,3.924818700786102,SKU0043
2026-09-01,3.766387919331631,SKU0043
2026-10-01,3.6130678082466594,SKU0043
2025-12-01,7.0618336,SKU0044
2026-01-01,6.679361495849056,SKU0044
2026-02-01,6.296889391052371,SKU0044
2026-03-01,5.951430716207291,SKU0044
2026-04-01,5.568958612657996,SKU0044
2026-05-01,5.198824318599999,SKU0044
2026-06-01,4.816352215549947,SKU0044
2026-07-01,4.446217922275704,SKU0044
2026-08-01,4.063745819225652,SKU0044
2026-09-01,3.6812737161756,SKU0044
2026-10-01,3.311139422901357,SKU0044
2025-12-01,8.127175,SKU0045
2026-01-01,7.554310377530864,SKU0045
2026-02-01,6.981445756951167,SKU0045
2026-03-01,6.464019648888776,SKU0045
2026-04-01,5.8911550238183645,SKU0045
2026-05-01,5.3367699032125415,SKU0045
2026-06-01,4.7639052741978585,SKU0045
2026-07-01,4.2095201533272855,SKU0045
2026-08-01,3.6366555284276942,SKU0045
2026-09-01,3.063790903528103,SKU0045
2026-10-01,2.50940578265753,SKU0045
2026-11-01,1.9365411577579383,SKU0045
2026-01-01,9.28048873,SKU0046
2026-02-01,8.979157138632075,SKU0046
2026-03-01,8.706986669004133,SKU0046
2026-04-01,8.405655077728865,SKU0046
2026-05-01,8.114043858905404,SKU0046
2026-06-01,7.812712266547232,SKU0046
2026-07-01,7.521101047734075,SKU0046
2026-08-01,7.219769454960479,SKU0046
2026-09-01,6.9184378621868845,SKU0046
2026-10-01,6.626826643373727,SKU0046
2026-11-01,6.325495050600133,SKU0046
2025-12-01,6.1131963,SKU0047
2026-01-01,6.793833486419754,SKU0047
2026-02-01,7.474470672780761,SKU0047
2026-03-01,8.089239744969742,SKU0047
2026-04-01,8.769876932325122,SKU0047
2026-05-01,9.428558080799322,SKU0047
2026-06-01,10.109195267236291,SKU0047
2026-07-01,10.767876415636785,SKU0047
2026-08-01,11.448513602317295,SKU0047
2026-09-01,12.129150788997805,SKU0047
2026-10-01,12.787831937398298,SKU0047
2026-11-01,13.468469124078808,SKU0047
2026-01-01,1.43817141,SKU0048
2026-02-01,3.525696918013245,SKU0048
2026-03-01,5.411203822651186,SKU0048
2026-04-01,7.4987293405859905,SKU0048
2026-05-01,9.518915329078462,SKU0048
2026-06-01,11.606440850520682,SKU0048
2026-07-01,13.626626839013152,SKU0048
2026-08-01,15.714152360455376,SKU0048
2026-09-01,17.801677881897596,SKU0048
2025-12-01,11.54769888,SKU0049
2026-01-01,11.277023187169812,SKU0049
2026-02-01,11.006347494013099,SKU0049
2026-03-01,10.761866219762831,SKU0049
2026-04-01,10.491190522556746,SKU0049
2026-05-01,10.229246296277273,SKU0049
2026-06-01,9.958570593394626,SKU0049
2026-07-01,9.696626364798515,SKU0049
2026-08-01,9.42595066191587,SKU0049
2026-09-01,9.155274959033221,SKU0049
2026-10-01,8.893330730437112,SKU0049
2026-01-01,12.54459903,SKU0050
2026-02-01,12.209216288232044,SKU0050
2026-03-01,11.906289941017278,SKU0050
2026-04-01,11.570907199414243,SKU0050
2026-05-01,11.246343255850485,SKU0050
2026-06-01,10.91096051420164,SKU0050
2026-07-01,10.586396570670502,SKU0050
2026-08-01,10.251013829021659,SKU0050
2026-09-01,9.915631087372812,SKU0050
2026-10-01,9.591067143841673,SKU0050
2025-12-01,10.781002039999999,SKU0051
2026-01-01,10.442562445518867,SKU0051
2026-02-01,10.104122854066222,SKU0051
2026-03-01,9.798435477000645,SKU0051
2026-04-01,9.459995872938144,SKU0051
2026-05-01,9.132473677011335,SKU0051
2026-06-01,8.794034078669569,SKU0051
2026-07-01,8.466511886725923,SKU0051
2026-08-01,8.128072288384157,SKU0051
2026-09-01,7.789632690042388,SKU0051
2026-10-01,7.462110498098743,SKU0051
2025-12-01,20.27060792,SKU0052
2026-01-01,19.202975493066038,SKU0052
2026-02-01,18.135343066253736,SKU0052
2026-03-01,17.17102990662632,SKU0052
2026-04-01,16.103397479941577,SKU0052
2026-05-01,15.070204809010509,SKU0052
2026-06-01,14.002572382621912,SKU0052
2026-07-01,12.969379711923269,SKU0052
2026-08-01,11.901747285534672,SKU0052
2026-09-01,10.834114859146075,SKU0052
2026-10-01,9.800922188447434,SKU0052
2025-12-01,5.3166794,SKU0053
2026-01-01,6.335021388477365,SKU0053
2026-02-01,7.3533633794299895,SKU0053
2026-03-01,8.273156117165287,SKU0053
2026-04-01,9.291498052185599,SKU0053
2026-05-01,10.276990223044361,SKU0053
2026-06-01,11.295332106623013,SKU0053
2026-07-01,12.28082424600136,SKU0053
2026-08-01,13.299166123358985,SKU0053
2026-09-01,14.317508000716611,SKU0053
2026-10-01,15.303000140094959,SKU0053
2026-11-01,16.32134201745258,SKU0053
2026-01-01,12.106896,SKU0054
2026-02-01,11.03822292243094,SKU0054
2026-03-01,10.072969820254544,SKU0054
2026-04-01,9.004296743897667,SKU0054
2026-05-01,7.9700969928669805,SKU0054
2026-06-01,6.90142391728952,SKU0054
2026-07-01,5.867224166730687,SKU0054
2026-08-01,4.798551091153228,SKU0054
2026-09-01,3.7298780155757676,SKU0054
2026-10-01,2.6956782650169338,SKU0054
2025-12-01,6.8198081,SKU0055
2026-01-01,7.083905902830189,SKU0055
2026-02-01,7.348003703225102,SKU0055
2026-03-01,7.58654364976023,SKU0055
2026-05-01,8.1062199608687,SKU0055
2026-06-01,8.370317757358753,SKU0055
2026-07-01,8.625896270091063,SKU0055
2026-08-01,8.889994066581119,SKU0055
2026-09-01,9.154091863071173,SKU0055
2026-10-01,9.409670375803483,SKU0055
2025-12-01,5.27283614,SKU0056
2026-01-01,5.630924185188679,SKU0056
2026-02-01,5.989012230463373,SKU0056
2026-03-01,6.312446594001041,SKU0056
2026-04-01,6.670534639207469,SKU0056
2026-05-01,7.017071456836752,SKU0056
2026-06-01,7.375159501559577,SKU0056
2026-07-01,7.721696319033278,SKU0056
2026-08-01,8.079784363756103,SKU0056
2026-09-01,8.437872408478928,SKU0056
2026-10-01,8.78440922595263,SKU0056
2026-01-01,16.3304688,SKU0057
2026-02-01,13.911402728839779,SKU0057
2026-03-01,11.72643982712312,SKU0057
2026-04-01,9.307373758513332,SKU0057
2026-05-01,6.96634207243865,SKU0057
2026-06-01,4.547275994503323,SKU0057
2026-07-01,2.2062443061788137,SKU0057
2026-08-01,-0.21282177175651285,SKU0057
2026-09-01,-2.6318878496918394,SKU0057
2026-10-01,-4.972919538016349,SKU0057
2026-01-01,4.5706815,SKU0058
2026-02-01,7.766843328729282,SKU0058
2026-03-01,10.653699215042264,SKU0058
2026-04-01,13.84986096868227,SKU0058
2026-05-01,16.942920697936128,SKU0058
2026-06-01,20.139082361469985,SKU0058
2026-07-01,23.232142035857585,SKU0058
2026-08-01,26.42830369939144,SKU0058
2026-09-01,29.624465362925292,SKU0058
2026-10-01,32.717525037312896,SKU0058
2026-01-01,12.2505038,SKU0059
2026-02-01,10.840130985635362,SKU0059
2026-03-01,9.56624586620262,SKU0059
2026-04-01,8.155873057857914,SKU0059
2026-05-01,6.790996150139286,SKU0059
2026-06-01,5.38062334958732,SKU0059
2026-07-01,4.015746445827353,SKU0059
2026-08-01,2.6053736452753884,SKU0059
2026-09-01,1.1950008447234217,SKU0059
2026-10-01,-0.16987605903654668,SKU0059
2025-12-01,8.391252099999999,SKU0060
2026-01-01,8.316486834271606,SKU0060
2026-02-01,8.241721568289128,SKU0060
2026-03-01,8.17419165074508,SKU0060
2026-04-01,8.099426384761355,SKU0060
2026-05-01,8.027072901390428,SKU0060
2026-06-01,7.952307635124154,SKU0060
2026-07-01,7.879954151565858,SKU0060
2026-08-01,7.805188885222286,SKU0060
2026-09-01,7.7304236188787145,SKU0060
2026-10-01,7.658070135320418,SKU0060
2026-11-01,7.583304868976846,SKU0060
2026-01-01,27.587858920000002,SKU0061
2026-02-01,22.951911080397352,SKU0061
2026-03-01,18.76460332658942,SKU0061
2026-04-01,14.128655505066437,SKU0061
2026-05-01,9.642254362843287,SKU0061
2026-06-01,5.0063065158793645,SKU0061
2026-07-01,0.5199053736562147,SKU0061
2026-08-01,-4.116042473307712,SKU0061
2026-09-01,-8.751990320271632,SKU0061
2025-12-01,9.4359252,SKU0062
2026-01-01,9.415430546439506,SKU0062
2026-02-01,9.394935893088178,SKU0062
2026-03-01,9.376424593155331,SKU0062
2026-04-01,9.355929939061433,SKU0062
2026-05-01,9.336096402492185,SKU0062
2026-06-01,9.315601748303752,SKU0062
2026-07-01,9.29576821253864,SKU0062
2026-08-01,9.275273558914689,SKU0062
2026-09-01,9.254778905290738,SKU0062
2026-10-01,9.234945369525626,SKU0062
2026-11-01,9.214450715901677,SKU0062
2026-01-01,10.231533,SKU0063
2026-02-01,9.540845347971697,SKU0063
2026-03-01,8.916998436213635,SKU0063
2026-04-01,8.226310783715785,SKU0063
2026-05-01,7.557903378056496,SKU0063
2026-06-01,6.867215725325929,SKU0063
2026-07-01,6.198808319389315,SKU0063
2026-08-01,5.508120666588145,SKU0063
2026-09-01,4.817433013786975,SKU0063
2026-10-01,4.149025607850359,SKU0063
2026-11-01,3.4583379550491893,SKU0063
2025-12-01,8.37112222,SKU0064
2026-01-01,8.700834779292453,SKU0064
2026-02-01,9.030547339307763,SKU0064
2026-03-01,9.328352232865386,SKU0064
2026-04-01,9.658064792714763,SKU0064
2026-05-01,9.977141462714425,SKU0064
2026-06-01,10.306854021220945,SKU0064
2026-07-01,10.625930690743381,SKU0064
2026-08-01,10.955643249249901,SKU0064
2026-09-01,11.285355807756419,SKU0064
2026-10-01,11.604432477278856,SKU0064
2025-12-01,4.14671424,SKU0065
2026-01-01,5.4529601169811315,SKU0065
2026-02-01,6.759205997101507,SKU0065
2026-03-01,7.9390409902518995,SKU0065
2026-04-01,9.245286870217512,SKU0065
2026-05-01,10.509395781206809,SKU0065
2026-06-01,11.815641655964107,SKU0065
2026-07-01,13.079750567019556,SKU0065
2026-08-01,14.385996441776854,SKU0065
2026-09-01,15.692242316534152,SKU0065
2026-10-01,16.9563512275896,SKU0065
2025-12-01,3.4208485399999997,SKU0066
2026-01-01,4.364042284156379,SKU0066
2026-02-01,5.307236028118702,SKU0066
2026-03-01,6.159152958486446,SKU0066
2026-04-01,7.102346702380709,SKU0066
2026-05-01,8.015114841358642,SKU0066
2026-06-01,8.9583085845439,SKU0066
2026-07-01,9.871076723039844,SKU0066
2026-08-01,10.814270466152323,SKU0066
2026-09-01,11.757464209264798,SKU0066
2026-10-01,12.670232347760745,SKU0066
2026-11-01,13.613426090873222,SKU0066
2025-12-01,9.9894261,SKU0067
2026-01-01,9.816188146448559,SKU0067
2026-02-01,9.642950192534535,SKU0067
2026-03-01,9.486477201749492,SKU0067
2026-04-01,9.313239246525505,SKU0067
2026-05-01,9.14558961204053,SKU0067
2026-06-01,8.972351656065133,SKU0067
2026-07-01,8.804702020978393,SKU0067
2026-08-01,8.631464064722094,SKU0067
2026-09-01,8.458226108465796,SKU0067
2026-10-01,8.290576473379057,SKU0067
2026-11-01,8.117338517122759,SKU0067
2025-12-01,10.06767842,SKU0068
2026-01-01,11.420909897695473,SKU0068
2026-02-01,12.774141419149291,SKU0068
2026-03-01,13.996415029471626,SKU0068
2026-04-01,15.349646492741352,SKU0068
2026-05-01,16.659225286442698,SKU0068
2026-06-01,18.012456676660985,SKU0068
2026-07-01,19.322035393365393,SKU0068
2026-08-01,20.67526673395994,SKU0068
2026-09-01,22.028498074554495,SKU0068
2026-10-01,23.3380767912589,SKU0068
2026-11-01,24.69130813185345,SKU0068
2026-01-01,13.28776303,SKU0069
2026-02-01,13.7785768695,SKU0069
2026-03-01,14.221892598633936,SKU0069
2026-04-01,14.712706437327366,SKU0069
2026-05-01,15.187687563192807,SKU0069
2026-06-01,15.678501383755513,SKU0069
2026-07-01,16.15348249475519,SKU0069
2026-08-01,16.644296309454855,SKU0069
2026-09-01,17.135110124154522,SKU0069
2026-10-01,17.6100912351542,SKU0069
2026-11-01,18.100905049853864,SKU0069
2025-12-01,5.072210679,SKU0070
2026-01-01,7.4478274351320755,SKU0070
2026-02-01,9.823444197423086,SKU0070
2026-03-01,11.96916256490131,SKU0070
2026-04-01,14.344779327112393,SKU0070
2026-05-01,16.643763296444117,SKU0070
2026-06-01,19.01938006891794,SKU0070
2026-07-01,21.3183640422797,SKU0070
2026-08-01,23.69398081475352,SKU0070
2026-09-01,26.069597587227346,SKU0070
2026-10-01,28.368581560589103,SKU0070
2026-01-01,15.47344464,SKU0071
2026-02-01,13.788922013701658,SKU0071
2026-03-01,12.26741770682975,SKU0071
2026-04-01,10.582895081316355,SKU0071
2026-05-01,8.952711895825967,SKU0071
2026-06-01,7.268189269905896,SKU0071
2026-07-01,5.638006083531632,SKU0071
2026-08-01,3.9534834576115614,SKU0071
2026-09-01,2.268960831691489,SKU0071
2026-10-01,0.6387776453172247,SKU0071
2026-01-01,11.61574963,SKU0072
2026-02-01,10.05395766317881,SKU0072
2026-03-01,8.643306855788618,SKU0072
2026-04-01,7.081514888551325,SKU0072
2026-05-01,5.57010330906032,SKU0072
2026-06-01,4.008311343586281,SKU0072
2026-07-01,2.496899764095277,SKU0072
2026-08-01,0.9351077986212344,SKU0072
2026-09-01,-0.626684166852804,SKU0072
2026-01-01,4.83083743,SKU0073
2026-02-01,6.221483896187845,SKU0073
2026-03-01,7.477551672346247,SKU0073
2026-04-01,8.86819813761858,SKU0073
2026-05-01,10.213985040005447,SKU0073
2026-06-01,11.604631505070264,SKU0073
2026-07-01,12.95041840674589,SKU0073
2026-08-01,14.341064871810703,SKU0073
2026-09-01,15.731711336875518,SKU0073
2026-10-01,17.077498238551144,SKU0073
2026-01-01,2.98829489,SKU0074
2026-02-01,3.3201073483490564,SKU0074
2026-03-01,3.6198089229886428,SKU0074
2026-04-01,3.951621380901368,SKU0074
2026-05-01,4.272730212540262,SKU0074
2026-06-01,4.60454267354567,SKU0074
2026-07-01,4.9256515089062525,SKU0074
2026-08-01,5.257463972112187,SKU0074
2026-09-01,5.589276435318121,SKU0074
2026-10-01,5.910385270678703,SKU0074
2026-11-01,6.2421977338846375,SKU0074
2025-12-01,5.72071401,SKU0075
2026-01-01,6.018459543301887,SKU0075
2026-02-01,6.316205077098019,SKU0075
2026-03-01,6.585136512509659,SKU0075
2026-04-01,6.882882039477203,SKU0075
2026-05-01,7.171022860817743,SKU0075
2026-06-01,7.468768390846488,SKU0075
2026-07-01,7.756909226358177,SKU0075
2026-08-01,8.054654756386922,SKU0075
2026-09-01,8.35240028641567,SKU0075
2026-10-01,8.640541121927358,SKU0075
2026-01-01,11.4272782,SKU0076
2026-02-01,11.428055561617679,SKU0076
2026-03-01,11.42875769662994,SKU0076
2026-04-01,11.429535060027911,SKU0076
2026-05-01,11.43028735108349,SKU0076
2026-06-01,11.431064714951194,SKU0076
2026-07-01,11.431817002565099,SKU0076
2026-08-01,11.432594366432802,SKU0076
2026-09-01,11.433371730300506,SKU0076
2026-10-01,11.434124017914414,SKU0076
2025-12-01,9.65264336,SKU0077
2026-01-01,9.67887222135849,SKU0077
2026-02-01,9.705101084306278,SKU0077
2026-03-01,9.728791670093326,SKU0077
2026-04-01,9.75502053412719,SKU0077
2026-05-01,9.780403304141592,SKU0077
2026-06-01,9.806632167738156,SKU0077
2026-07-01,9.832014938960638,SKU0077
2026-08-01,9.858243802557201,SKU0077
2026-09-01,9.884472666153766,SKU0077
2026-10-01,9.909855437376248,SKU0077
2026-01-01,8.16663913,SKU0078
2026-03-01,7.3786523573480665,SKU0078
2026-04-01,6.9645946348990995,SKU0078
2026-05-01,6.563994259713684,SKU0078
2026-06-01,6.150115780445287,SKU0078
2026-07-01,5.749588219862966,SKU0078
2026-08-01,5.335709740594568,SKU0078
2026-09-01,4.9218312613261705,SKU0078
2026-10-01,4.52130370074385,SKU0078
2026-01-01,6.7011366,SKU0079
2026-02-01,6.506357888121547,SKU0079
2026-03-01,6.330428727668145,SKU0079
2026-04-01,6.13565001204684,SKU0079
2026-05-01,5.947154477311226,SKU0079
2026-06-01,5.752375756982993,SKU0079
2026-07-01,5.563880221181476,SKU0079
2026-08-01,5.369101500853243,SKU0079
2026-09-01,5.174322780525009,SKU0079
2026-10-01,4.9858272447234935,SKU0079
2025-12-01,6.78090612,SKU0080
2026-01-01,7.000663172264151,SKU0080
2026-03-01,7.418910464060287,SKU0080
2026-04-01,7.638667515177608,SKU0080
2026-05-01,7.851335628994228,SKU0080
2026-06-01,8.071092680562845,SKU0080
2026-07-01,8.283760794984087,SKU0080
2026-08-01,8.503517846552704,SKU0080
2026-09-01,8.72327489812132,SKU0080
2026-10-01,8.935943012542563,SKU0080
2025-12-01,6.30819144,SKU0081
2026-01-01,7.278839951538462,SKU0081
2026-02-01,8.249488462986795,SKU0081
2026-03-01,9.126203247059737,SKU0081
2026-05-01,11.036189028605886,SKU0081
2026-06-01,12.006837540539173,SKU0081
2026-07-01,12.946174810152034,SKU0081
2026-08-01,13.91682332208532,SKU0081
2026-09-01,14.88747183401861,SKU0081
2026-01-01,9.72936795,SKU0082
2026-03-01,9.515722989696132,SKU0082
2026-04-01,9.403468859838934,SKU0082
2026-05-01,9.294835832537016,SKU0082
2026-07-01,9.073948688857676,SKU0082
2026-08-01,8.96169456665998,SKU0082
2026-09-01,8.849440444462283,SKU0082
2026-10-01,8.740807422980643,SKU0082
2026-01-01,9.0521558,SKU0083
2026-02-01,9.920775758940398,SKU0083
2026-03-01,10.705335716180313,SKU0083
2026-04-01,11.573955673207204,SKU0083
2026-05-01,12.414555642849635,SKU0083
2026-06-01,13.283175611480145,SKU0083
2026-07-01,14.123775581122576,SKU0083
2026-08-01,14.992395549753086,SKU0083
2026-09-01,15.861015518383596,SKU0083
2025-12-01,6.492041049999999,SKU0084
2026-02-01,6.023557596584362,SKU0084
2026-03-01,5.811984423750854,SKU0084
2026-04-01,5.577742698326784,SKU0084
2026-05-01,5.351057147170755,SKU0084
2026-06-01,5.1168154126877985,SKU0084
2026-07-01,4.890129864307192,SKU0084
2026-08-01,4.655888130980565,SKU0084
2026-09-01,4.421646397653938,SKU0084
2026-10-01,4.194960849273331,SKU0084
2026-11-01,3.960719115946704,SKU0084
2025-12-01,24.5238026,SKU0085
2026-01-01,21.772628915566035,SKU0085
2026-02-01,19.02145522655094,SKU0085
2026-03-01,16.536524150511223,SKU0085
2026-04-01,13.785350463031394,SKU0085
2026-05-01,11.122924319467106,SKU0085
2026-06-01,8.371750631594292,SKU0085
2026-07-01,5.7093244820399605,SKU0085
2026-08-01,2.958150794167151,SKU0085
2026-09-01,0.2069771062943357,SKU0085
2026-10-01,-2.4554490432599962,SKU0085
2026-01-01,13.048188930000002,SKU0086
2026-02-01,11.306797953962263,SKU0086
2026-03-01,9.733928685493941,SKU0086
2026-04-01,7.992537709269726,SKU0086
2026-05-01,6.307320635043571,SKU0086
2026-06-01,4.565929657457266,SKU0086
2026-07-01,2.880712582159054,SKU0086
2026-08-01,1.1393216043509,SKU0086
2026-09-01,-0.6020693734572514,SKU0086
2026-10-01,-2.2872864487554674,SKU0086
2026-11-01,-4.028677426563619,SKU0086
2025-12-01,10.1298385,SKU0087
2026-01-01,11.006266800411522,SKU0087
2026-02-01,11.882695117217931,SKU0087
2026-03-01,12.674307795244728,SKU0087
2026-04-01,13.550736098399943,SKU0087
2026-05-01,14.398892534073063,SKU0087
2026-06-01,15.275320850553861,SKU0087
2026-07-01,16.12347728371808,SKU0087
2026-08-01,16.999905597987773,SKU0087
2026-09-01,17.876333912257465,SKU0087
2026-10-01,18.724490345421685,SKU0087
2026-11-01,19.60091865969138,SKU0087
2025-12-01,4.6596492000000005,SKU0088
2026-01-01,4.9057289108490565,SKU0088
2026-02-01,5.151808624817685,SKU0088
2026-03-01,5.374074169488703,SKU0088
2026-04-01,5.620153877700506,SKU0088
2026-05-01,5.85829552910109,SKU0088
2026-06-01,6.104375234025866,SKU0088
2026-07-01,6.342516883953069,SKU0088
2026-08-01,6.588596588877844,SKU0088
2026-09-01,6.83467629380262,SKU0088
2026-10-01,7.072817943729822,SKU0088
2025-12-01,7.494577860000001,SKU0089
2026-01-01,7.192720309794239,SKU0089
2026-02-01,6.890862760452586,SKU0089
2026-03-01,6.6182172328885915,SKU0089
2026-04-01,6.31635968402146,SKU0089
2026-05-01,6.024239476101849,SKU0089
2026-07-01,5.430261721698564,SKU0089
2026-08-01,5.128404174378862,SKU0089
2026-09-01,4.82654662705916,SKU0089
2026-10-01,4.534426419975577,SKU0089
2026-11-01,4.232568872655875,SKU0089
2026-01-01,13.614420059999999,SKU0090
2026-03-01,11.484434688113208,SKU0090
2026-04-01,10.365289828959272,SKU0090
2026-05-01,9.282246418918755,SKU0090
2026-06-01,8.163101563234369,SKU0090
2026-07-01,7.080058155990615,SKU0090
2026-08-01,5.960913301838737,SKU0090
2026-09-01,4.84176844768686,SKU0090
2026-10-01,3.7587250404431067,SKU0090
2026-11-01,2.6395801862912287,SKU0090
2025-12-01,7.6888308599999995,SKU0091
2026-01-01,8.07181455481132,SKU0091
2026-02-01,8.454798249090905,SKU0091
2026-03-01,8.800719005559895,SKU0091
2026-04-01,9.18370270049072,SKU0091
2026-05-01,9.554332082930603,SKU0091
2026-06-01,9.937315778022,SKU0091
2026-07-01,10.307945160368515,SKU0091
2026-08-01,10.690928855459914,SKU0091
2026-09-01,11.073912550551311,SKU0091
2026-10-01,11.444541932897828,SKU0091
2026-01-01,15.0497998,SKU0092
2026-02-01,13.08848460566038,SKU0092
2026-03-01,11.316974103934319,SKU0092
2026-04-01,9.35565890799056,SKU0092
2026-05-01,7.457611944583901,SKU0092
2026-06-01,5.496296749543113,SKU0092
2026-07-01,3.598249782963656,SKU0092
2026-08-01,1.6369345841648841,SKU0092
2026-09-01,-0.3243806146338857,SKU0092
2026-10-01,-2.2224275812133443,SKU0092
2026-11-01,-4.183742780012114,SKU0092
2026-01-01,5.22611532,SKU0093
2026-02-01,4.907084523314917,SKU0093
2026-03-01,4.61892767530575,SKU0093
2026-04-01,4.2998968803242015,SKU0093
2026-05-01,3.99115740177933,SKU0093
2026-06-01,3.6721266074806804,SKU0093
2026-07-01,3.3633871291271493,SKU0093
2026-08-01,3.044356334828501,SKU0093
2026-09-01,2.7253255405298513,SKU0093
2026-10-01,2.41658606217632,SKU0093
2025-12-01,8.42089284,SKU0094
2026-01-01,8.156781938207548,SKU0094
2026-02-01,7.892671037294666,SKU0094
2026-03-01,7.6541192536148275,SKU0094
2026-04-01,7.390008347710882,SKU0094
2026-05-01,7.134417144611531,SKU0094
2026-06-01,6.870306234450074,SKU0094
2026-07-01,6.61471503106802,SKU0094
2026-08-01,6.350604120906564,SKU0094
2026-09-01,6.086493210745106,SKU0094
2026-10-01,5.8309020073630515,SKU0094
2026-01-01,11.46073877,SKU0095
2026-02-01,10.334735498443397,SKU0095
2026-03-01,9.317700285100278,SKU0095
2026-04-01,8.191697013099573,SKU0095
2026-05-01,7.102016427139018,SKU0095
2026-06-01,5.97601315479739,SKU0095
2026-07-01,4.8863325688013965,SKU0095
2026-08-01,3.7603292966055353,SKU0095
2026-09-01,2.634326024409675,SKU0095
2026-10-01,1.5446454384136796,SKU0095
2026-11-01,0.41864216621781924,SKU0095
2026-01-01,7.46319312,SKU0096
2026-02-01,7.203976717127071,SKU0096
2026-03-01,6.969845770307319,SKU0096
2026-04-01,6.710629363948532,SKU0096
2026-05-01,6.459774779412332,SKU0096
2026-06-01,6.200558374770175,SKU0096
2026-07-01,5.949703789632603,SKU0096
2026-08-01,5.690487384990446,SKU0096
2026-09-01,5.431270980348288,SKU0096
2026-10-01,5.180416395210717,SKU0096
2025-12-01,8.574943300000001,SKU0097
2026-01-01,7.974936531851852,SKU0097
2026-02-01,7.374929761705161,SKU0097
2026-03-01,6.832988163758676,SKU0097
2026-04-01,6.232981395970404,SKU0097
2026-05-01,5.652329687152115,SKU0097
2026-06-01,5.052322924146849,SKU0097
2026-07-01,4.4716712165597885,SKU0097
2026-08-01,3.871664452053161,SKU0097
2026-09-01,3.271657687546533,SKU0097
2026-10-01,2.691005979959473,SKU0097
2026-11-01,2.0909992154528445,SKU0097
2026-01-01,10.30105384,SKU0098
2026-02-01,9.69431643655629,SKU0098
2026-03-01,9.146295536992497,SKU0098
2026-04-01,8.539558141743331,SKU0098
2026-05-01,7.952392925979841,SKU0098
2026-06-01,7.3456555363575635,SKU0098
2026-07-01,6.758490320594071,SKU0098
2026-08-01,6.151752930971795,SKU0098
2026-09-01,5.545015541349519,SKU0098
2025-12-01,2.2329388,SKU0099
2026-01-01,2.67560235245283,SKU0099
2026-02-01,3.1182659065046257,SKU0099
2026-03-01,3.5180910514987946,SKU0099
2026-04-01,3.9607546060049335,SKU0099
2026-05-01,4.38913869015718,SKU0099
2026-06-01,4.831802243038557,SKU0099
2026-07-01,5.260186326472146,SKU0099
2026-08-01,5.702849879353522,SKU0099
2026-09-01,6.145513432234898,SKU0099
2026-10-01,6.573897515668486,SKU0099
2026-01-01,21.08552634,SKU0100
2026-02-01,17.970253681325968,SKU0100
2026-04-01,12.041186364506293,SKU0100
2026-05-01,9.026406373123644,SKU0100
2026-06-01,5.911133715590936,SKU0100
2026-07-01,2.896353724430251,SKU0100
2026-08-01,-0.21891893310245503,SKU0100
2026-09-01,-3.334191590635164,SKU0100
2026-10-01,-6.348971581795849,SKU0100
2025-12-01,10.361006800000002,SKU0101
2026-01-01,9.953249358847739,SKU0101
2026-02-01,9.545491917762472,SKU0101
2026-03-01,9.177194874256603,SKU0101
2026-04-01,8.769437433285995,SKU0101
2026-05-01,8.37483345815676,SKU0101
2026-06-01,7.96707601697533,SKU0101
2026-07-01,7.572472041787421,SKU0101
2026-08-01,7.1647146007599165,SKU0101
2026-09-01,6.75695715973241,SKU0101
2026-10-01,6.362353184544501,SKU0101
2026-11-01,5.954595743516997,SKU0101
2026-01-01,6.96529184,SKU0102
2026-02-01,7.399955630497238,SKU0102
2026-03-01,7.792555183514128,SKU0102
2026-04-01,8.227218975348597,SKU0102
2026-06-01,9.082525151719135,SKU0102
2026-07-01,9.503167533540712,SKU0102
2026-08-01,9.937831328089674,SKU0102
2026-09-01,10.372495122638636,SKU0102
2026-10-01,10.793137504460212,SKU0102
2026-01-01,8.692550879999999,SKU0103
2026-02-01,8.304145351160223,SKU0103
2026-03-01,7.953327431352679,SKU0103
2026-04-01,7.564921872433303,SKU0103
2026-05-01,7.189045504890046,SKU0103
2026-06-01,6.800639917508324,SKU0103
2026-07-01,6.424763542622785,SKU0103
2026-08-01,6.036357955241063,SKU0103
2026-09-01,5.6479523678593395,SKU0103
2026-10-01,5.272075992973802,SKU0103
2025-12-01,24.87640489,SKU0104
2026-01-01,22.795695507499996,SKU0104
2026-02-01,20.714986127524213,SKU0104
2026-03-01,18.835635722197058,SKU0104
2026-04-01,16.7549263427869,SKU0104
2026-05-01,14.741336621648765,SKU0104
2026-06-01,12.660627243115432,SKU0104
2026-07-01,10.64703752195414,SKU0104
2026-08-01,8.566328143420805,SKU0104
2026-09-01,6.485618764887469,SKU0104
2026-10-01,4.4720290437261765,SKU0104
2025-12-01,9.342903680000001,SKU0105
2026-01-01,8.857485408806586,SKU0105
2026-02-01,8.372067137409472,SKU0105
2026-03-01,7.933624828092272,SKU0105
2026-04-01,7.448206556509505,SKU0105
2026-05-01,6.9784469385735415,SKU0105
2026-06-01,6.493028666812937,SKU0105
2026-07-01,6.023269048667915,SKU0105
2026-08-01,5.537850776584724,SKU0105
2026-09-01,5.052432504501534,SKU0105
2026-10-01,4.582672886356512,SKU0105
2026-11-01,4.097254614273322,SKU0105
2026-01-01,11.572836859999999,SKU0106
2026-02-01,10.150960615303866,SKU0106
2026-03-01,8.866685294405169,SKU0106
2026-04-01,7.444809041018461,SKU0106
2026-05-01,6.068799758991528,SKU0106
2026-06-01,4.646923493535945,SKU0106
2026-07-01,3.27091420438538,SKU0106
2026-08-01,1.849037938929798,SKU0106
2026-09-01,0.4271616734742142,SKU0106
2026-10-01,-0.9488476156763505,SKU0106
2026-01-01,7.44155805,SKU0107
2026-02-01,9.268533934972377,SKU0107
2026-03-01,10.918705701111753,SKU0107
2026-04-01,12.7456815873204,SKU0107
2026-05-01,14.51372276997497,SKU0107
2026-07-01,18.108739841372607,SKU0107
2026-08-01,19.935715730115668,SKU0107
2026-09-01,21.762691618858728,SKU0107
2026-10-01,23.530732801513302,SKU0107
2025-12-01,10.838284,SKU0108
2026-01-01,10.27197154009434,SKU0108
2026-02-01,9.705659083413472,SKU0108
2026-03-01,9.194151054439574,SKU0108
2026-04-01,8.627838591200092,SKU0108
2026-05-01,8.079794272637434,SKU0108
2026-06-01,7.513481807197254,SKU0108
2026-07-01,6.965437485803527,SKU0108
2026-08-01,6.399125020363347,SKU0108
2026-09-01,5.832812554923164,SKU0108
2026-10-01,5.28476823352944,SKU0108
2025-12-01,5.2742755500000005,SKU0109
2026-01-01,5.811382946462264,SKU0109
2026-02-01,6.348490350373872,SKU0109
2026-03-01,6.833619626875759,SKU0109
2026-04-01,7.370727038519982,SKU0109
2026-05-01,7.890508398858786,SKU0109
2026-06-01,8.427615794799387,SKU0109
2026-07-01,8.947397145709648,SKU0109
2026-08-01,9.484504541650251,SKU0109
2026-09-01,10.021611937590851,SKU0109
2026-10-01,10.54139328850111,SKU0109
2026-01-01,16.44057972,SKU0110
2026-02-01,14.615046696629834,SKU0110
2026-03-01,12.966178170606735,SKU0110
2026-04-01,11.140645167368074,SKU0110
2026-05-01,9.374000317200009,SKU0110
2026-06-01,7.548467309233135,SKU0110
2026-07-01,5.7818224628135795,SKU0110
2026-08-01,3.956289454846707,SKU0110
2026-09-01,2.1307564468798312,SKU0110
2026-10-01,0.3641116004602756,SKU0110
2025-12-01,6.6696039,SKU0111
2026-01-01,7.17088083923077,SKU0111
2026-02-01,7.672157775040251,SKU0111
2026-03-01,8.124924036861296,SKU0111
2026-04-01,8.626200966126413,SKU0111
2026-05-01,9.111307674125271,SKU0111
2026-06-01,9.612584605724091,SKU0111
2026-07-01,10.097691313722947,SKU0111
2026-08-01,10.598968245321764,SKU0111
2026-09-01,11.100245176920584,SKU0111
2026-01-01,9.70247355,SKU0112
2026-02-01,8.724341605524863,SKU0112
2026-03-01,7.840867596469563,SKU0112
2026-04-01,6.862735655438455,SKU0112
2026-05-01,5.916156352857069,SKU0112
2026-06-01,4.938024404524191,SKU0112
2026-07-01,3.991445099685922,SKU0112
2026-08-01,3.013313151353045,SKU0112
2026-09-01,2.035181203020166,SKU0112
2026-10-01,1.0886018981818975,SKU0112
2026-01-01,8.15708676,SKU0113
2026-02-01,8.150204131916022,SKU0113
2026-03-01,8.143987564018545,SKU0113
2026-04-01,8.137104934895028,SKU0113
2026-05-01,8.130444327173887,SKU0113
2026-06-01,8.123561698375022,SKU0113
2026-07-01,8.11690108985999,SKU0113
2026-08-01,8.110018461061125,SKU0113
2026-09-01,8.10313583226226,SKU0113
2026-10-01,8.09647522374723,SKU0113
2025-12-01,8.21386396,SKU0114
2026-01-01,8.191363083700411,SKU0114
2026-02-01,8.168862208334364,SKU0114
2026-03-01,8.148538842518095,SKU0114
2026-04-01,8.126037979698943,SKU0114
2026-05-01,8.104262953006947,SKU0114
2026-06-01,8.081762096168342,SKU0114
2026-07-01,8.059987078706548,SKU0114
2026-08-01,8.037486227329364,SKU0114
2026-09-01,8.014985375952179,SKU0114
2026-10-01,7.993210358490385,SKU0114
2026-11-01,7.9707095071132,SKU0114
2026-01-01,12.46913444,SKU0115
2026-02-01,10.853178624198893,SKU0115
2026-04-01,7.777649811860664,SKU0115
2026-05-01,6.2138216021486,SKU0115
2026-06-01,4.597865785881983,SKU0115
2026-07-01,3.034037576591709,SKU0115
2026-08-01,1.418081760325093,SKU0115
2026-09-01,-0.1978740559415244,SKU0115
2026-10-01,-1.7617022652317973,SKU0115
2025-12-01,5.672821549999999,SKU0116
2026-01-01,5.952177821886793,SKU0116
2026-02-01,6.231534093850225,SKU0116
2026-03-01,6.48385588780384,SKU0116
2026-04-01,6.763212159587637,SKU0116
2026-05-01,7.033556938684648,SKU0116
2026-06-01,7.312913210446535,SKU0116
2026-07-01,7.58325798957094,SKU0116
2026-08-01,7.862614261332828,SKU0116
2026-09-01,8.141970533094714,SKU0116
2026-10-01,8.41231531221912,SKU0116
2026-01-01,23.3553255,SKU0117
2026-02-01,19.99284082707182,SKU0117
2026-03-01,16.95575789500593,SKU0117
2026-06-01,6.976771108513869,SKU0117
2026-07-01,3.7227536757373625,SKU0117
2026-08-01,0.36026899520164024,SKU0117
2026-09-01,-3.002215685334085,SKU0117
2026-10-01,-6.256233118110592,SKU0117
2025-12-01,11.753924099999999,SKU0118
2026-01-01,10.877698410849057,SKU0118
2026-02-01,10.001472708000364,SKU0118
2026-03-01,9.21004305513542,SKU0118
2026-04-01,8.333817350737167,SKU0118
2026-05-01,7.485857009392333,SKU0118
2026-06-01,6.609631299487145,SKU0118
2026-07-01,5.761670935062768,SKU0118
2026-08-01,4.8854452251575795,SKU0118
2026-09-01,4.00921951525239,SKU0118
2026-10-01,3.1612591508280152,SKU0118
2026-01-01,8.1418618,SKU0119
2026-02-01,7.69955614640884,SKU0119
2026-03-01,7.3000542656321254,SKU0119
2026-04-01,6.857748611887876,SKU0119
2026-05-01,6.429710882105953,SKU0119
2026-06-01,5.987405228850525,SKU0119
2026-07-01,5.5593674998936615,SKU0119
2026-08-01,5.117061846638235,SKU0119
2026-09-01,4.674756193382808,SKU0119
2026-10-01,4.2467184644259435,SKU0119
2026-01-01,24.799084699999998,SKU0120
2026-02-01,22.26676707044199,SKU0120
2026-03-01,19.97951243956825,SKU0120
2026-04-01,17.447194813553935,SKU0120
2026-05-01,14.996564846510568,SKU0120
2026-06-01,12.464247218192545,SKU0120
2026-07-01,10.013617255304137,SKU0120
2026-08-01,7.481299626986117,SKU0120
2026-09-01,4.948981998668093,SKU0120
2026-10-01,2.4983520357796842,SKU0120
2026-01-01,5.74599536,SKU0121
2026-02-01,5.83193257759116,SKU0121
2026-03-01,5.90955329021049,SKU0121
2026-04-01,5.995490506936475,SKU0121
2026-05-01,6.0786555550910535,SKU0121
2026-06-01,6.164592771115131,SKU0121
2026-07-01,6.247757818880368,SKU0121
2026-08-01,6.333695034904444,SKU0121
2026-09-01,6.419632250928522,SKU0121
2026-10-01,6.502797298693759,SKU0121
2025-12-01,5.308112,SKU0122
2026-01-01,5.584886480754717,SKU0122
2026-02-01,5.8616609609428885,SKU0122
2026-03-01,6.111650814170877,SKU0122
2026-04-01,6.3884252944357245,SKU0122
2026-05-01,6.6562715651698205,SKU0122
2026-06-01,6.933046044182243,SKU0122
2026-07-01,7.200892314194263,SKU0122
2026-08-01,7.477666793206684,SKU0122
2026-09-01,7.754441272219106,SKU0122
2026-10-01,8.022287542231126,SKU0122
2025-12-01,-1.1409763560000001,SKU0123
2026-01-01,3.3539242919245287,SKU0123
2026-02-01,7.8488249817855875,SKU0123
2026-03-01,11.908735263656933,SKU0123
2026-04-01,16.40363589992271,SKU0123
2026-05-01,20.753539756796222,SKU0123
2026-06-01,25.248440404531962,SKU0123
2026-07-01,29.59834425717945,SKU0123
2026-08-01,34.09324490491518,SKU0123
2026-09-01,38.58814555265092,SKU0123
2026-10-01,42.93804940529841,SKU0123
2025-12-01,6.63684148,SKU0124
2026-01-01,7.7274400887735855,SKU0124
2026-02-01,8.81803869796509,SKU0124
2026-03-01,9.803095505649736,SKU0124
2026-04-01,10.893694114639375,SKU0124
2026-05-01,11.949112122765248,SKU0124
2026-06-01,13.039710731081357,SKU0124
2026-07-01,14.095128739129203,SKU0124
2026-08-01,15.185727347445312,SKU0124
2026-09-01,16.27632595576142,SKU0124
2026-10-01,17.331743963809263,SKU0124
2025-12-01,5.15032452,SKU0125
2026-01-01,5.68977196754717,SKU0125
2026-02-01,6.229219415153585,SKU0125
2026-03-01,6.716462271201786,SKU0125
2026-04-01,7.255909718865766,SKU0125
2026-05-01,7.777955635443649,SKU0125
2026-06-01,8.317403082785923,SKU0125
2026-07-01,8.839448999568766,SKU0125
2026-08-01,9.378896446911037,SKU0125
2026-09-01,9.918343894253308,SKU0125
2026-10-01,10.440389811036152,SKU0125
2026-01-01,6.038414700000001,SKU0126
2026-02-01,6.917931850794702,SKU0126
2026-03-01,7.712334444545265,SKU0126
2026-04-01,8.591851592307675,SKU0126
2026-05-01,9.442997216765427,SKU0126
2026-06-01,10.322514362038435,SKU0126
2026-07-01,11.173659986496185,SKU0126
2026-08-01,12.053177131769196,SKU0126
2026-09-01,12.932694277042204,SKU0126
2025-12-01,6.36676334,SKU0127
2026-01-01,6.879501155377358,SKU0127
2026-02-01,7.392238971081165,SKU0127
2026-03-01,7.855356998288536,SKU0127
2026-04-01,8.368094814299472,SKU0127
2026-05-01,8.864292700921094,SKU0127
2026-06-01,9.377030517346459,SKU0127
2026-07-01,9.873228404209717,SKU0127
2026-08-01,10.385966220635083,SKU0127
2026-09-01,10.89870403706045,SKU0127
2026-10-01,11.394901923923705,SKU0127
2025-12-01,9.10345324,SKU0128
2026-01-01,8.961244705615384,SKU0128
2026-03-01,8.690589749012553,SKU0128
2026-04-01,8.548381214723126,SKU0128
2026-05-01,8.410760045916556,SKU0128
2026-06-01,8.268551504816434,SKU0128
2026-07-01,8.130930336009866,SKU0128
2026-08-01,7.988721794909745,SKU0128
2026-09-01,7.846513253809626,SKU0128
2025-12-01,9.04347598,SKU0129
2026-01-01,9.15614902344033,SKU0129
2026-02-01,9.268822069184477,SKU0129
2026-04-01,9.48326431770786,SKU0129
2026-05-01,9.592302749965457,SKU0129
2026-06-01,9.704975795933393,SKU0129
2026-07-01,9.81401422818127,SKU0129
2026-08-01,9.92668727483741,SKU0129
2026-09-01,10.03936032149355,SKU0129
2026-10-01,10.148398753741427,SKU0129
2026-11-01,10.261071800397566,SKU0129
2026-01-01,6.4512392400000005,SKU0130
2026-02-01,7.757848494696132,SKU0130
2026-03-01,8.938011698964274,SKU0130
2026-04-01,10.244620967456878,SKU0130
2026-05-01,11.509081557558936,SKU0130
2026-07-01,14.080151424099785,SKU0130
2026-08-01,15.386760700538577,SKU0130
2026-09-01,16.693369976977372,SKU0130
2026-10-01,17.95783056707943,SKU0130
2026-01-01,4.70724826,SKU0131
2026-02-01,9.37888715917127,SKU0131
2026-03-01,13.598431942920893,SKU0131
2026-04-01,18.270070771503725,SKU0131
2026-05-01,22.791011598279656,SKU0131
2026-06-01,27.462650500150442,SKU0131
2026-07-01,31.983591372928622,SKU0131
2026-08-01,36.6552302747994,SKU0131
2026-09-01,41.32686917667019,SKU0131
2026-10-01,45.84781004944838,SKU0131
2026-01-01,7.93788365,SKU0132
2026-02-01,8.158557303116023,SKU0132
2026-03-01,8.357875437160248,SKU0132
2026-04-01,8.578549084678938,SKU0132
2026-05-01,8.7921042223681,SKU0132
2026-06-01,9.012777868461884,SKU0132
2026-07-01,9.226333009842966,SKU0132
2026-08-01,9.447006655936752,SKU0132
2026-09-01,9.667680302030536,SKU0132
2026-10-01,9.881235443411619,SKU0132
2025-12-01,5.59160224,SKU0133
2026-01-01,6.307782263867924,SKU0133
2026-02-01,7.023962287618399,SKU0133
2026-03-01,7.670834565559577,SKU0133
2026-05-01,9.08009202764637,SKU0133
2026-06-01,9.796272049379757,SKU0133
2026-07-01,10.489349489766903,SKU0133
2026-08-01,11.205529511500288,SKU0133
2026-09-01,11.921709533233674,SKU0133
2026-10-01,12.61478697362082,SKU0133
2026-01-01,7.20442866,SKU0134
2026-02-01,6.857497346650943,SKU0134
2026-03-01,6.544140031143375,SKU0134
2026-04-01,6.197208717262903,SKU0134
2026-05-01,5.861468736165362,SKU0134
2026-06-01,5.514537423090417,SKU0134
2026-08-01,4.831866129620363,SKU0134
2026-09-01,4.484934816545418,SKU0134
2026-10-01,4.1491948361503095,SKU0134
2026-11-01,3.8022635230753647,SKU0134
2025-12-01,2.21113242,SKU0135
2026-01-01,3.574558876132076,SKU0135
2026-02-01,4.937985332840368,SKU0135
2026-03-01,6.169467292562201,SKU0135
2026-04-01,7.532893748403543,SKU0135
2026-05-01,8.852338705043703,SKU0135
2026-06-01,10.215765160848946,SKU0135
2026-07-01,11.535210118079826,SKU0135
2026-08-01,12.898636573885067,SKU0135
2026-09-01,14.262063029690314,SKU0135
2026-10-01,15.581507986921194,SKU0135
2026-01-01,-0.09840846,SKU0136
2026-02-01,3.716349473962264,SKU0136
2026-03-01,7.161937284498293,SKU0136
2026-04-01,10.976695212649327,SKU0136
2026-05-01,14.668396438890085,SKU0136
2026-06-01,18.48315437041427,SKU0136
2026-07-01,22.174855600251277,SKU0136
2026-08-01,25.989613537749516,SKU0136
2026-09-01,29.80437147524776,SKU0136
2026-10-01,33.49607270508477,SKU0136
2026-11-01,37.31083064258301,SKU0136
2026-01-01,3.92732304,SKU0137
2026-02-01,4.133165683773585,SKU0137
2026-03-01,4.3190880717572835,SKU0137
2026-04-01,4.524930715647114,SKU0137
2026-05-01,4.724133274234795,SKU0137
2026-06-01,4.929975917997815,SKU0137
2026-07-01,5.12917847644203,SKU0137
2026-08-01,5.335021120167719,SKU0137
2026-09-01,5.540863763893407,SKU0137
2026-10-01,5.740066322337622,SKU0137
2026-11-01,5.94590896606331,SKU0137
2026-01-01,31.513207440000002,SKU0138
2026-02-01,25.248910430773478,SKU0138
2026-03-01,19.59083570719598,SKU0138
2026-04-01,13.326538808292419,SKU0138
2026-05-01,7.26431598475379,SKU0138
2026-06-01,1.0000189676141038,SKU0138
2026-07-01,-5.0622039521985025,SKU0138
2026-08-01,-11.326500969338186,SKU0138
2026-09-01,-17.59079798647788,SKU0138
2026-10-01,-23.653020906290482,SKU0138
2026-01-01,10.237732920000001,SKU0139
2026-02-01,9.95887762080663,SKU0139
2026-03-01,9.707008319064974,SKU0139
2026-04-01,9.428153024148896,SKU0139
2026-05-01,9.158293063320247,SKU0139
2026-06-01,8.87943777369727,SKU0139
2026-07-01,8.60957781599761,SKU0139
2026-08-01,8.33072252637463,SKU0139
2026-09-01,8.05186723675165,SKU0139
2026-10-01,7.782007279051993,SKU0139
2025-12-01,16.77454596,SKU0140
2026-01-01,16.206105501893006,SKU0140
2026-02-01,15.637664882305144,SKU0140
2026-03-01,15.124234300302385,SKU0140
2026-04-01,14.555793397011321,SKU0140
2026-05-01,14.005672946815213,SKU0140
2026-06-01,13.437215579209951,SKU0140
2026-07-01,12.887095208769976,SKU0140
2026-08-01,12.318637492648667,SKU0140
2026-09-01,11.750179776527359,SKU0140
2026-10-01,11.200059406087382,SKU0140
2026-11-01,10.631601689966073,SKU0140
2026-01-01,7.81946334,SKU0141
2026-02-01,7.341482805911602,SKU0141
2026-03-01,6.909758449226819,SKU0141
2026-04-01,6.431777915139083,SKU0141
2026-05-01,5.969216108845743,SKU0141
2026-06-01,5.491235571676657,SKU0141
2026-07-01,5.028673761513026,SKU0141
2026-08-01,4.5506932243439415,SKU0141
2026-09-01,4.072712687174855,SKU0141
2026-10-01,3.6101508770112245,SKU0141
2025-12-01,14.648817029999998,SKU0142
2026-01-01,14.057421734246912,SKU0142
2026-02-01,13.46602644128962,SKU0142
2026-03-01,12.931862955363002,SKU0142
2026-04-01,12.340467661309635,SKU0142
2026-05-01,11.768149637496862,SKU0142
2026-06-01,11.176754341085143,SKU0142
2026-07-01,10.60443630710639,SKU0142
2026-08-01,10.013041005328343,SKU0142
2026-09-01,9.421645703550297,SKU0142
2026-10-01,8.849327669571542,SKU0142
2026-11-01,8.257932367793495,SKU0142
2026-01-01,6.343547539999999,SKU0143
2026-02-01,6.274602396596683,SKU0143
2026-03-01,6.212331506352011,SKU0143
2026-04-01,6.143387905991537,SKU0143
2026-05-01,6.076670588414002,SKU0143
2026-06-01,6.007729374884487,SKU0143
2026-07-01,5.941012071468828,SKU0143
2026-08-01,5.872070857939313,SKU0143
2026-09-01,5.803129644409799,SKU0143
2026-10-01,5.736412340994139,SKU0143
2026-01-01,32.667831299999996,SKU0144
2026-02-01,26.989867891712702,SKU0144
2026-03-01,21.861384819010805,SKU0144
2026-04-01,16.183421411555223,SKU0144
2026-05-01,10.688618094903173,SKU0144
2026-06-01,5.010654704129191,SKU0144
2026-07-01,-0.4841485772649867,SKU0144
2026-08-01,-6.162111968038962,SKU0144
2026-09-01,-11.840075358812951,SKU0144
2026-10-01,-17.334878640207126,SKU0144
2025-12-01,2.08739605,SKU0145
2026-01-01,3.4852177679716982,SKU0145
2026-02-01,4.883039479496022,SKU0145
2026-03-01,6.145588120094502,SKU0145
2026-04-01,7.543409827301244,SKU0145
2026-05-01,8.896140512435585,SKU0145
2026-06-01,10.293962212636993,SKU0145
2026-07-01,11.646692890251257,SKU0145
2026-08-01,13.044514590452664,SKU0145
2026-09-01,14.442336290654072,SKU0145
2026-10-01,15.795066968268335,SKU0145
2026-01-01,24.09030072,SKU0146
2026-02-01,21.824900524528303,SKU0146
2026-03-01,19.778732607810426,SKU0146
2026-04-01,17.51333240838349,SKU0146
2026-05-01,15.321009632758399,SKU0146
2026-06-01,13.05560942713904,SKU0146
2026-07-01,10.863286648527675,SKU0146
2026-08-01,8.597886443962597,SKU0146
2026-09-01,6.33248623939752,SKU0146
2026-10-01,4.140163460786156,SKU0146
2026-11-01,1.8747632562210796,SKU0146
2026-01-01,13.048289330000001,SKU0147
2026-02-01,11.705821916298342,SKU0147
2026-03-01,10.49327069460404,SKU0147
2026-04-01,9.15080327871162,SKU0147
2026-05-01,7.851641261349235,SKU0147
2026-06-01,6.509173848988426,SKU0147
2026-07-01,5.210011837026354,SKU0147
2026-08-01,3.867544424665546,SKU0147
2026-09-01,2.5250770123047364,SKU0147
2026-10-01,1.2259150003426647,SKU0147
2026-01-01,9.26388727,SKU0148
2026-02-01,8.415063346509434,SKU0148
2026-03-01,7.648383674049851,SKU0148
2026-04-01,6.799559751541638,SKU0148
2026-05-01,5.978117245863083,SKU0148
2026-06-01,5.129293323070464,SKU0148
2026-07-01,4.307850817717217,SKU0148
2026-08-01,3.4590268955188606,SKU0148
2026-09-01,2.610202973320505,SKU0148
2026-10-01,1.7887604679672577,SKU0148
2026-11-01,0.9399365457689014,SKU0148
2025-12-01,10.8665406,SKU0149
2026-01-01,10.30553961283019,SKU0149
2026-02-01,9.744538626542953,SKU0149
2026-03-01,9.237828056491924,SKU0149
2026-04-01,8.676827069233669,SKU0149
2026-05-01,8.133922889502184,SKU0149
2026-07-01,7.030017724048163,SKU0149
2026-08-01,6.469016738325627,SKU0149
2026-09-01,5.908015752603092,SKU0149
2026-10-01,5.365111572871606,SKU0149
2025-12-01,7.27214325,SKU0150
2026-01-01,7.063055831108491,SKU0150
2026-02-01,6.853968437198711,SKU0150
2026-03-01,6.665115308598327,SKU0150
2026-04-01,6.456027929056246,SKU0150
2026-05-01,6.25368528612122,SKU0150
2026-06-01,6.044597876654154,SKU0150
2026-07-01,5.842255222331188,SKU0150
2026-08-01,5.633167812864122,SKU0150
2026-09-01,5.424080403397056,SKU0150
2026-10-01,5.221737749074089,SKU0150
2025-12-01,8.84771818,SKU0151
2026-01-01,8.67873562064151,SKU0151
2026-02-01,8.509753060911303,SKU0151
2026-03-01,8.357123651952083,SKU0151
2026-04-01,8.18814109164934,SKU0151
2026-05-01,8.024609581630402,SKU0151
2026-06-01,7.855627021334524,SKU0151
2026-07-01,7.692095511370768,SKU0151
2026-08-01,7.523112951074888,SKU0151
2026-09-01,7.354130390779009,SKU0151
2026-10-01,7.190598880815256,SKU0151
2026-01-01,16.70353608,SKU0152
2026-03-01,16.088722502806633,SKU0152
2026-04-01,15.765684861114572,SKU0152
2026-05-01,15.453067789418414,SKU0152
2026-06-01,15.130030148956024,SKU0152
2026-07-01,14.817413077540811,SKU0152
2026-08-01,14.494375437078421,SKU0152
2026-09-01,14.17133779661603,SKU0152
2026-10-01,13.858720725200818,SKU0152
2025-12-01,8.71655358,SKU0153
2026-01-01,8.821188327115385,SKU0153
2026-02-01,8.925823075451834,SKU0153
2026-03-01,9.020331881423717,SKU0153
2026-04-01,9.124966631920493,SKU0153
2026-05-01,9.226226068043196,SKU0153
2026-06-01,9.330860818703323,SKU0153
2026-07-01,9.432120254826026,SKU0153
2026-08-01,9.536755005486153,SKU0153
2026-09-01,9.641389756146278,SKU0153
2026-01-01,5.09368174,SKU0154
2026-02-01,5.256214061425414,SKU0154
2026-03-01,5.403017463505864,SKU0154
2026-04-01,5.5655498179160805,SKU0154
2026-05-01,5.7228391881743725,SKU0154
2026-06-01,5.885371558118799,SKU0154
2026-07-01,6.0426609483876,SKU0154
2026-08-01,6.205193318332027,SKU0154
2026-09-01,6.3677256882764555,SKU0154
2026-10-01,6.525015078545255,SKU0154
2025-12-01,8.771966840000001,SKU0155
2026-01-01,8.758329796610377,SKU0155
2026-03-01,8.732375425131758,SKU0155
2026-04-01,8.718738382937575,SKU0155
2026-05-01,8.705541244794157,SKU0155
2026-06-01,8.691904201979302,SKU0155
2026-07-01,8.678707063771377,SKU0155
2026-08-01,8.665070020956524,SKU0155
2026-09-01,8.651432978141667,SKU0155
2026-10-01,8.638235839933742,SKU0155
2026-01-01,8.97783402,SKU0156
2026-02-01,8.301571359558011,SKU0156
2026-03-01,7.690753474720385,SKU0156
2026-04-01,7.014490801589288,SKU0156
2026-05-01,6.360043084122928,SKU0156
2026-06-01,5.683780407372959,SKU0156
2026-07-01,5.0293326556794415,SKU0156
2026-08-01,4.353069978929473,SKU0156
2026-09-01,3.6768073021795042,SKU0156
2026-10-01,3.0223595504859855,SKU0156
2026-01-01,8.21008968,SKU0157
2026-02-01,8.294421502303866,SKU0157
2026-03-01,8.37059218713134,SKU0157
2026-04-01,8.454924039146203,SKU0157
2026-05-01,8.536535485099112,SKU0157
2026-06-01,8.62086731730725,SKU0157
2026-07-01,8.702478767831252,SKU0157
2026-08-01,8.78681060003939,SKU0157
2026-09-01,8.871142432247526,SKU0157
2026-10-01,8.95275388277153,SKU0157
2026-01-01,5.68529416,SKU0158
2026-02-01,13.335916749668874,SKU0158
2026-03-01,20.246156495135672,SKU0158
2026-04-01,27.896779050843957,SKU0158
2026-05-01,35.30060734791819,SKU0158
2026-06-01,42.95122992156156,SKU0158
2026-07-01,50.35505821863579,SKU0158
2026-08-01,58.00568079227918,SKU0158
2026-09-01,65.65630336592254,SKU0158
2026-01-01,7.297078900000001,SKU0159
2026-02-01,6.800395452358491,SKU0159
2026-03-01,6.351778162034549,SKU0159
2026-04-01,5.8550947558133934,SKU0159
2026-05-01,5.374433388388806,SKU0159
2026-07-01,4.397088627875748,SKU0159
2026-08-01,3.9004052249920624,SKU0159
2026-09-01,3.403721822108377,SKU0159
2026-10-01,2.9230604644790037,SKU0159
2026-11-01,2.4263770615953186,SKU0159
2026-01-01,8.329162049999999,SKU0160
2026-02-01,7.717368465047169,SKU0160
2026-03-01,7.164780710420324,SKU0160
2026-04-01,6.5529871242324145,SKU0160
2026-05-01,5.9609288138624485,SKU0160
2026-06-01,5.349135226362065,SKU0160
2026-07-01,4.757076915567615,SKU0160
2026-08-01,4.145283327746683,SKU0160
2026-09-01,3.533489739925752,SKU0160
2026-10-01,2.9414314291313013,SKU0160
2026-11-01,2.32963784131037,SKU0160
2026-01-01,12.81611877,SKU0161
2026-02-01,11.797747816740332,SKU0161
2026-03-01,10.877928891372664,SKU0161
2026-04-01,9.859557939155671,SKU0161
2026-05-01,8.874037661609654,SKU0161
2026-06-01,7.855666709540687,SKU0161
2026-07-01,6.87014643334491,SKU0161
2026-08-01,5.851775481275942,SKU0161
2026-09-01,4.833404529206974,SKU0161
2026-10-01,3.847884253011197,SKU0161
2026-01-01,8.88932442,SKU0162
2026-03-01,13.893824600718233,SKU0162
2026-04-01,16.523307744820322,SKU0162
2026-05-01,19.06796884932041,SKU0162
2026-06-01,21.6974519652655,SKU0162
2026-07-01,24.242113045212374,SKU0162
2026-08-01,26.871596161157473,SKU0162
2026-09-01,29.501079277102573,SKU0162
2026-10-01,32.04574035704944,SKU0162
2026-01-01,5.98412529,SKU0163
2026-02-01,5.989677132271823,SKU0163
2026-03-01,5.994691698932878,SKU0163
2026-04-01,6.000243540423666,SKU0163
2026-05-01,6.005616289916266,SKU0163
2026-06-01,6.011168130871142,SKU0163
2026-07-01,6.016540880182312,SKU0163
2026-08-01,6.022092721137188,SKU0163
2026-09-01,6.027644562092064,SKU0163
2026-10-01,6.033017311403234,SKU0163
2025-12-01,3.6001328999999997,SKU0164
2026-01-01,3.973781515094339,SKU0164
2026-02-01,4.347430130535391,SKU0164
2026-03-01,4.684919202705663,SKU0164
2026-04-01,5.058567818094449,SKU0164
2026-05-01,5.420163252320297,SKU0164
2026-06-01,5.7938118677971095,SKU0164
2026-07-01,6.155407302129509,SKU0164
2026-08-01,6.529055917606321,SKU0164
2026-09-01,6.902704533083135,SKU0164
2026-10-01,7.264299967415534,SKU0164
2025-12-01,26.3242338,SKU0165
2026-01-01,23.221496528065842,SKU0165
2026-02-01,20.118759275310357,SKU0165
2026-03-01,17.316286918144748,SKU0165
2026-04-01,14.213549681129862,SKU0165
2026-05-01,11.210900755862333,SKU0165
2026-06-01,8.108163521313696,SKU0165
2026-07-01,5.105514564281209,SKU0165
2026-08-01,2.0027773086809697,SKU0165
2026-09-01,-1.0999599469192698,SKU0165
2026-10-01,-4.102608903951757,SKU0165
2026-11-01,-7.205346159552,SKU0165
2026-01-01,14.056868,SKU0166
2026-02-01,12.343952357641507,SKU0166
2026-03-01,10.796802744053288,SKU0166
2026-04-01,9.083887102555673,SKU0166
2026-05-01,7.426226804227113,SKU0166
2026-06-01,5.713311164929895,SKU0166
2026-07-01,4.055650869798945,SKU0166
2026-08-01,2.3427352314969623,SKU0166
2026-09-01,0.6298195931949808,SKU0166
2026-10-01,-1.0278407019359723,SKU0166
2026-11-01,-2.7407563402379536,SKU0166
2025-12-01,6.8424307,SKU0167
2026-01-01,6.960526024424529,SKU0167
2026-02-01,7.078621349252955,SKU0167
2026-03-01,7.185288093986809,SKU0167
2026-04-01,7.303383418256158,SKU0167
2026-05-01,7.4176692145373355,SKU0167
2026-06-01,7.5357645357886955,SKU0167
2026-07-01,7.6500503305480745,SKU0167
2026-08-01,7.768145651799433,SKU0167
2026-09-01,7.886240973050791,SKU0167
2026-10-01,8.000526767810172,SKU0167
2025-12-01,6.45565786,SKU0168
2026-01-01,6.621991079080189,SKU0168
2026-02-01,6.788324290820338,SKU0168
2026-03-01,6.9385607407988665,SKU0168
2026-04-01,7.104893946983512,SKU0168
2026-05-01,7.265861569964841,SKU0168
2026-06-01,7.432194779896303,SKU0168
2026-07-01,7.59316240241062,SKU0168
2026-08-01,7.759495612342082,SKU0168
2026-09-01,7.9258288222735445,SKU0168
2026-10-01,8.086796444787861,SKU0168
2025-12-01,6.39942815,SKU0169
2026-01-01,6.865264853160378,SKU0169
2026-02-01,7.331101556572605,SKU0169
2026-03-01,7.751857288600463,SKU0169
2026-04-01,8.217693991680195,SKU0169
2026-05-01,8.668503704676137,SKU0169
2026-06-01,9.134340408177524,SKU0169
2026-07-01,9.585150121243377,SKU0169
2026-08-01,10.05098682474476,SKU0169
2026-09-01,10.516823528246146,SKU0169
2026-10-01,10.967633241312,SKU0169
2025-12-01,9.823466100000001,SKU0170
2026-01-01,9.831761918722222,SKU0170
2026-02-01,9.840057736869904,SKU0170
2026-04-01,9.855846550370766,SKU0170
2026-05-01,9.863874760797021,SKU0170
2026-06-01,9.872170579293545,SKU0170
2026-08-01,9.88849460923832,SKU0170
2026-09-01,9.896790427734844,SKU0170
2026-10-01,9.904818639183093,SKU0170
2026-11-01,9.913114457679617,SKU0170
2026-01-01,4.96741352,SKU0171
2026-02-01,5.125937791823205,SKU0171
2026-03-01,5.269121005305413,SKU0171
2026-04-01,5.427645276933481,SKU0171
2026-05-01,5.581055861952083,SKU0171
2026-06-01,5.739580133159084,SKU0171
2026-07-01,5.892990718198117,SKU0171
2026-08-01,6.051514989405119,SKU0171
2026-09-01,6.2100392606121195,SKU0171
2026-10-01,6.363449845651152,SKU0171
2025-12-01,7.0750017,SKU0172
2026-01-01,7.052855552971698,SKU0172
2026-02-01,7.03070940519818,SKU0172
2026-03-01,7.010706432957921,SKU0172
2026-04-01,6.988560285629237,SKU0172
2026-05-01,6.967128530779857,SKU0172
2026-07-01,6.923550629252783,SKU0172
2026-08-01,6.901404482575089,SKU0172
2026-09-01,6.879258335897395,SKU0172
2026-10-01,6.857826581048014,SKU0172
2026-01-01,7.81563936,SKU0173
2026-02-01,7.481080317348066,SKU0173
2026-03-01,7.178897955336884,SKU0173
2026-04-01,6.844338912280964,SKU0173
2026-05-01,6.520572096864097,SKU0173
2026-06-01,6.186013053488875,SKU0173
2026-07-01,5.862246237319305,SKU0173
2026-08-01,5.527687193944083,SKU0173
2026-09-01,5.19312815056886,SKU0173
2026-10-01,4.869361334399291,SKU0173
2026-01-01,14.56596533,SKU0174
2026-02-01,12.796181526574586,SKU0174
2026-03-01,11.197667121634149,SKU0174
2026-04-01,9.427883316884715,SKU0174
2026-05-01,7.715189311476707,SKU0174
2026-06-01,5.945405507628245,SKU0174
2026-07-01,4.232711503903926,SKU0174
2026-08-01,2.462927700055465,SKU0174
2026-09-01,0.6931438962070016,SKU0174
2026-10-01,-1.019550107517318,SKU0174
2025-12-01,5.6878812299999995,SKU0175
2026-01-01,7.569115446226414,SKU0175
2026-02-01,9.450349662098121,SKU0175
2026-03-01,11.149528954507119,SKU0175
2026-05-01,14.851312413688147,SKU0175
2026-06-01,16.732546629449516,SKU0175
2026-07-01,18.553095870508905,SKU0175
2026-08-01,20.434330086270275,SKU0175
2026-09-01,22.315564302031646,SKU0175
2026-10-01,24.13611354309103,SKU0175
2026-01-01,10.21134582,SKU0176
2026-02-01,8.973675753679245,SKU0176
2026-03-01,7.8557802098243235,SKU0176
2026-04-01,6.618110143173447,SKU0176
2026-05-01,5.420364916794008,SKU0176
2026-06-01,4.182694849887529,SKU0176
2026-07-01,2.9849496236904867,SKU0176
2026-08-01,1.74727955662021,SKU0176
2026-09-01,0.5096094895499348,SKU0176
2026-10-01,-0.6881357366471079,SKU0176
2026-11-01,-1.9258058037173846,SKU0176
2025-12-01,4.474041809999999,SKU0177
2026-01-01,4.840731619711934,SKU0177
2026-03-01,5.538625129204563,SKU0177
2026-04-01,5.905314938512921,SKU0177
2026-05-01,6.260176043530059,SKU0177
2026-06-01,6.626865851105218,SKU0177
2026-07-01,6.981726954506089,SKU0177
2026-08-01,7.348416761353656,SKU0177
2026-09-01,7.715106568201224,SKU0177
2026-10-01,8.069967671602095,SKU0177
2026-11-01,8.436657478449664,SKU0177
2026-01-01,10.17848867,SKU0178
2026-02-01,9.876985339596686,SKU0178
2026-03-01,9.604659807166444,SKU0178
2026-04-01,9.30315650485961,SKU0178
2026-05-01,9.011379075187886,SKU0178
2026-06-01,8.709875763916733,SKU0178
2026-07-01,8.41809836591239,SKU0178
2026-08-01,8.116595054641238,SKU0178
2026-09-01,7.815091743370085,SKU0178
2026-10-01,7.523314345365743,SKU0178
2026-01-01,6.02905212,SKU0179
2026-02-01,6.234775940188679,SKU0179
2026-03-01,6.420591001068532,SKU0179
2026-04-01,6.626314815913797,SKU0179
2026-05-01,6.825402379152521,SKU0179
2026-06-01,7.031126194597693,SKU0179
2026-07-01,7.230213760753746,SKU0179
2026-08-01,7.435937579115,SKU0179
2026-09-01,7.6416613974762555,SKU0179
2026-10-01,7.840748963632308,SKU0179
2026-11-01,8.046472781993563,SKU0179
2026-02-01,9.06447735,SKU0180
2026-03-01,8.966922370243093,SKU0180
2026-04-01,8.858915087751821,SKU0180
2026-05-01,8.75439178094137,SKU0180
2026-06-01,8.646384312614869,SKU0180
2026-07-01,8.541861052297856,SKU0180
2026-08-01,8.43385368330361,SKU0180
2026-09-01,8.325846314309363,SKU0180
2026-10-01,8.22132305399235,SKU0180
2026-11-01,8.113315684998103,SKU0180
2025-12-01,8.311943639999999,SKU0181
2026-01-01,8.697738123820754,SKU0181
2026-02-01,9.083532607169543,SKU0181
2026-03-01,9.43199214029062,SKU0181
2026-04-01,9.817786623398217,SKU0181
2026-05-01,10.191136123683096,SKU0181
2026-06-01,10.576930606985893,SKU0181
2026-07-01,10.95028010695634,SKU0181
2026-08-01,11.336074590259136,SKU0181
2026-09-01,11.72186907356193,SKU0181
2026-10-01,12.095218573532376,SKU0181
2026-01-01,5.08070493,SKU0182
2026-02-01,5.344096190220994,SKU0182
2026-03-01,5.58199797378202,SKU0182
2026-04-01,5.845389233999602,SKU0182
2026-05-01,6.100284001603275,SKU0182
2026-06-01,6.363675261922816,SKU0182
2026-07-01,6.618570029973984,SKU0182
2026-08-01,6.8819612902935265,SKU0182
2026-09-01,7.145352550613067,SKU0182
2026-10-01,7.400247318664236,SKU0182
2026-01-01,9.39292562,SKU0183
2026-02-01,8.973643272384107,SKU0183
2026-03-01,8.594936634520206,SKU0183
2026-04-01,8.175654285965011,SKU0183
2026-05-01,7.769897174279871,SKU0183
2026-06-01,7.35061482553856,SKU0183
2026-07-01,6.9448577138534215,SKU0183
2026-08-01,6.525575365112108,SKU0183
2026-09-01,6.106293016370798,SKU0183
2025-12-01,6.9406986,SKU0184
2026-01-01,6.679898245235848,SKU0184
2026-02-01,6.419097890271207,SKU0184
2026-03-01,6.1835362795859,SKU0184
2026-04-01,5.9227359246861555,SKU0184
2026-05-01,5.670348484636414,SKU0184
2026-07-01,5.157160689868608,SKU0184
2026-08-01,4.896360335150542,SKU0184
2026-09-01,4.635559980432476,SKU0184
2026-10-01,4.383172540382735,SKU0184
2026-01-01,5.6843445,SKU0185
2026-02-01,6.000413049764151,SKU0185
2026-03-01,6.285894321007705,SKU0185
2026-04-01,6.601962870718813,SKU0185
2026-05-01,6.907835662253032,SKU0185
2026-06-01,7.223904213263031,SKU0185
2026-07-01,7.529777002915722,SKU0185
2026-08-01,7.845845552223504,SKU0185
2026-09-01,8.161914101531282,SKU0185
2026-10-01,8.467786891183975,SKU0185
2026-11-01,8.783855440491754,SKU0185
2025-12-01,9.21209487,SKU0186
2026-01-01,8.56113478090535,SKU0186
2026-02-01,7.910174690897909,SKU0186
2026-03-01,7.322210737987983,SKU0186
2026-04-01,6.671250647853865,SKU0186
2026-05-01,6.041289270496831,SKU0186
2026-06-01,5.3903291798628254,SKU0186
2026-07-01,4.760367802312773,SKU0186
2026-08-01,4.109407712177719,SKU0186
2026-09-01,3.4584476220426636,SKU0186
2026-10-01,2.82848624449261,SKU0186
2026-11-01,2.177526154357556,SKU0186
2025-12-01,8.47328274,SKU0187
2026-01-01,8.464011436816982,SKU0187
2026-03-01,8.44636605195635,SKU0187
2026-04-01,8.437094748771312,SKU0187
2026-05-01,8.428122519516682,SKU0187
2026-06-01,8.418851216313255,SKU0187
2026-07-01,8.409878987406712,SKU0187
2026-08-01,8.400607684203285,SKU0187
2026-09-01,8.391336380999858,SKU0187
2026-10-01,8.382364152093315,SKU0187
2026-01-01,30.991938770000004,SKU0188
2026-02-01,28.537300519116027,SKU0188
2026-03-01,26.32020790598295,SKU0188
2026-04-01,23.865569655070345,SKU0188
2026-05-01,21.49011328278725,SKU0188
2026-06-01,19.0354750331727,SKU0188
2026-07-01,16.66001866257798,SKU0188
2026-08-01,14.205380412963432,SKU0188
2026-09-01,11.750742163348882,SKU0188
2026-10-01,9.375285792754159,SKU0188
2025-12-01,5.1587388,SKU0189
2026-01-01,5.660756112028302,SKU0189
2026-02-01,6.162773423995291,SKU0189
2026-03-01,6.616208415927049,SKU0189
2026-04-01,7.118225728717794,SKU0189
2026-05-01,7.604048934966959,SKU0189
2026-06-01,8.106066248786197,SKU0189
2026-07-01,8.591889455708039,SKU0189
2026-08-01,9.09390676952728,SKU0189
2026-09-01,9.595924083346517,SKU0189
2026-10-01,10.08174729026836,SKU0189
2025-12-01,5.41913352,SKU0190
2026-01-01,6.210521614433962,SKU0190
2026-02-01,7.001909709557998,SKU0190
2026-03-01,7.716711858381196,SKU0190
2026-04-01,8.508099950713648,SKU0190
2026-05-01,9.273959392425708,SKU0190
2026-06-01,10.065347478340136,SKU0190
2026-07-01,10.831206916321843,SKU0190
2026-08-01,11.62259500223627,SKU0190
2026-09-01,12.4139830881507,SKU0190
2026-10-01,13.179842526132406,SKU0190
2026-01-01,7.935387499999999,SKU0191
2026-02-01,7.322046314622641,SKU0191
2026-04-01,6.1547195442538705,SKU0191
2026-05-01,5.561163559870948,SKU0191
2026-06-01,4.947822376337062,SKU0191
2026-07-01,4.354266392106191,SKU0191
2026-08-01,3.7409252084009577,SKU0191
2026-09-01,3.1275840246957243,SKU0191
2026-10-01,2.534028040464853,SKU0191
2026-11-01,1.9206868567596191,SKU0191
2025-12-01,8.0203454,SKU0192
2026-01-01,8.604659048113207,SKU0192
2026-03-01,9.71673985949103,SKU0192
2026-04-01,10.301053506634197,SKU0192
2026-05-01,10.866518327452484,SKU0192
2026-06-01,11.450831977191612,SKU0192
2026-07-01,12.0162967995198,SKU0192
2026-08-01,12.600610449258928,SKU0192
2026-09-01,13.184924098998058,SKU0192
2026-10-01,13.750388921326246,SKU0192
2025-12-01,8.15351568,SKU0193
2026-01-01,8.170430265876544,SKU0193
2026-02-01,8.18734485184988,SKU0193
2026-03-01,8.202622541145628,SKU0193
2026-04-01,8.219537125783145,SKU0193
2026-05-01,8.235906073686587,SKU0193
2026-06-01,8.252820656498383,SKU0193
2026-07-01,8.269189611239739,SKU0193
2026-08-01,8.286104197805804,SKU0193
2026-09-01,8.303018784371869,SKU0193
2026-10-01,8.319387739113225,SKU0193
2026-11-01,8.33630232567929,SKU0193
2026-01-01,8.20723101,SKU0194
2026-02-01,8.064785659056604,SKU0194
2026-03-01,7.9361253335951245,SKU0194
2026-05-01,7.655829642353737,SKU0194
2026-06-01,7.513384290389162,SKU0194
2026-07-01,7.3755339483443985,SKU0194
2026-08-01,7.2330885948981445,SKU0194
2026-09-01,7.0906432414518905,SKU0194
2026-10-01,6.952792899407129,SKU0194
2026-11-01,6.810347545960875,SKU0194
2026-01-01,9.31225235,SKU0195
2026-02-01,9.59683815864641,SKU0195
2026-03-01,9.853883405066899,SKU0195
2026-04-01,10.138469213535277,SKU0195
2026-05-01,10.413874834895186,SKU0195
2026-06-01,10.698460644071071,SKU0195
2026-07-01,10.97386626585419,SKU0195
2026-08-01,11.258452075030075,SKU0195
2026-09-01,11.543037884205964,SKU0195
2026-10-01,11.818443505989078,SKU0195
2026-01-01,4.56480542,SKU0196
2026-02-01,5.595890103535912,SKU0196
2026-03-01,6.5271923979799364,SKU0196
2026-04-01,7.558277081845256,SKU0196
2026-05-01,8.556100969088945,SKU0196
2026-06-01,9.587185653393407,SKU0196
2026-07-01,10.585009541429981,SKU0196
2026-08-01,11.61609422573444,SKU0196
2026-09-01,12.6471789100389,SKU0196
2026-10-01,13.645002798075474,SKU0196
2026-01-01,21.37339456,SKU0197
2026-02-01,18.74892539359116,SKU0197
2026-03-01,16.378435941109032,SKU0197
2026-04-01,13.75396383827269,SKU0197
2026-05-01,11.214152308457816,SKU0197
2026-06-01,8.589681165222617,SKU0197
2026-07-01,6.049870381446617,SKU0197
2026-08-01,3.4253992382114187,SKU0197
2026-09-01,0.8009280949762148,SKU0197
2026-10-01,-1.738882688799785,SKU0197
2025-12-01,13.85802845,SKU0198
2026-01-01,14.347392740534978,SKU0198
2026-02-01,14.83675702771602,SKU0198
2026-03-01,15.278763482974236,SKU0198
2026-04-01,15.768127772935193,SKU0198
2026-05-01,16.241706117081787,SKU0198
2026-06-01,16.731070402823942,SKU0198
2026-07-01,17.20464874369607,SKU0198
2026-08-01,17.694013029263935,SKU0198
2026-09-01,18.183377314831798,SKU0198
2026-10-01,18.656955655703925,SKU0198
2026-11-01,19.14631994127179,SKU0198
2025-12-01,5.73392138,SKU0199
2026-01-01,6.617517974245283,SKU0199
2026-02-01,7.501114568989297,SKU0199
2026-03-01,8.299201816171317,SKU0199
2026-04-01,9.18279841199508,SKU0199
2026-05-01,10.037891891118376,SKU0199
2026-06-01,10.9214884855183,SKU0199
2026-07-01,11.77658196396984,SKU0199
2026-08-01,12.660178558369758,SKU0199
2026-09-01,13.543775152769681,SKU0199
2026-10-01,14.398868631221221,SKU0199
2025-12-01,14.421037119999998,SKU0200
2026-01-01,13.586709378490566,SKU0200
2026-02-01,12.752381637175125,SKU0200
2026-03-01,11.998795287872555,SKU0200
2026-04-01,11.164467546466557,SKU0200
2026-05-01,10.357053604513906,SKU0200
2026-06-01,9.522725866162517,SKU0200
2026-07-01,8.715311925822462,SKU0200
2026-08-01,7.880984187471072,SKU0200
2026-09-01,7.0466564491196815,SKU0200
2026-10-01,6.239242508779627,SKU0200
